priority,category,name,erc8004_token_id,agent_id,owner_address,agent_wallet,protocols,endpoint,liveness,latency_ms,failure_class,skills,website,x,github,email,owner_agent_count,readiness
"HIGH","unclassified","Q402 Agent (by Quack AI)","266099","56:0x8004a169fb4a3325136eb29fa0ceb6d2e539a432:266099","0xf6f47e39261472b76a73073871b2c9d708df5450","0xf6f47e39261472b76a73073871b2c9d708df5450","MCP","https://q402.quackai.ai/api/mcp/info","live","24","","q402_pay q402_batch_pay q402_balance q402_quote q402_receipt q402_agentic_info q402_memory_summary q402_vendor_history","https://q402.quackai.ai/api/wallet/agentic/agent-metadata/0x5ad132a9de987da9f30f93cf3a219a536770651c8be945a465ceff3da0ca65aa","","","","1","Ready now: endpoint answers and exposes 46 callable skill(s). Needs only a conformance run and a listing."
"HIGH","unclassified","Q402 Agent (by Quack AI)","320836","56:0x8004a169fb4a3325136eb29fa0ceb6d2e539a432:320836","0x72ca44769e0d5563548dc47231bcb6f3bc55566c","0x72ca44769e0d5563548dc47231bcb6f3bc55566c","MCP","https://q402.quackai.ai/api/mcp/info","live","139","","q402_pay q402_batch_pay q402_balance q402_quote q402_receipt q402_agentic_info q402_memory_summary q402_vendor_history","https://q402.quackai.ai/api/wallet/agentic/agent-metadata/0x0262ae50e6a3e1021aaa77f8b76b77d48355dde7849a7881d509da59b5a07945","","","","1","Ready now: endpoint answers and exposes 46 callable skill(s). Needs only a conformance run and a listing."
"HIGH","unclassified","Q402 Agent (by Quack AI)","266094","56:0x8004a169fb4a3325136eb29fa0ceb6d2e539a432:266094","0x8b134acabf5d951de85b0dc6ddf13c2cec59ce4e","0x8b134acabf5d951de85b0dc6ddf13c2cec59ce4e","MCP","https://q402.quackai.ai/api/mcp/info","live","15","","q402_pay q402_batch_pay q402_balance q402_quote q402_receipt q402_agentic_info q402_memory_summary q402_vendor_history","https://q402.quackai.ai/api/wallet/agentic/agent-metadata/0x8fc146c4e1af8e597601947105e16847b9ee77a88c8584ddda10755a9f664d8e","","","","1","Ready now: endpoint answers and exposes 46 callable skill(s). Needs only a conformance run and a listing."
"HIGH","unclassified","Q402 Agent (by Quack AI)","266105","56:0x8004a169fb4a3325136eb29fa0ceb6d2e539a432:266105","0x0d87d759f9f5476431cf2ca83ab98c2e943049ae","0x0d87d759f9f5476431cf2ca83ab98c2e943049ae","MCP","https://q402.quackai.ai/api/mcp/info","live","18","","q402_pay q402_batch_pay q402_balance q402_quote q402_receipt q402_agentic_info q402_memory_summary q402_vendor_history","https://q402.quackai.ai/api/wallet/agentic/agent-metadata/0x0726525b20da01d6a315732a34d127c0fb0c0332e8db5b3ca196884d6c2d981a","","","","1","Ready now: endpoint answers and exposes 46 callable skill(s). Needs only a conformance run and a listing."
"HIGH","unclassified","Q402 Agent (by Quack AI)","306094","56:0x8004a169fb4a3325136eb29fa0ceb6d2e539a432:306094","0x7520205a959d63fe8bdb8ae04847feeb176821d5","0x7520205a959d63fe8bdb8ae04847feeb176821d5","MCP","https://q402.quackai.ai/api/mcp/info","live","778","","q402_pay q402_batch_pay q402_balance q402_quote q402_receipt q402_agentic_info q402_memory_summary q402_vendor_history","https://q402.quackai.ai/api/wallet/agentic/agent-metadata/0x6490fcb2c60cee9c56bf263724e298f14a9d3e1591bb826df694f8f962ec3b88","","","","1","Ready now: endpoint answers and exposes 46 callable skill(s). Needs only a conformance run and a listing."
"HIGH","unclassified","Q402 Agent (by Quack AI)","266097","56:0x8004a169fb4a3325136eb29fa0ceb6d2e539a432:266097","0xcefab34b9efa384de34f5b2bcaaf3a1fdd8aa394","0xcefab34b9efa384de34f5b2bcaaf3a1fdd8aa394","MCP","https://q402.quackai.ai/api/mcp/info","live","25","","q402_pay q402_batch_pay q402_balance q402_quote q402_receipt q402_agentic_info q402_memory_summary q402_vendor_history","https://q402.quackai.ai/api/wallet/agentic/agent-metadata/0x7bae82454f41a83b38dccba54e7cb4f203271535656502de07f67b5adb4cde10","","","","1","Ready now: endpoint answers and exposes 46 callable skill(s). Needs only a conformance run and a listing."
"HIGH","unclassified","Q402 Agent (by Quack AI)","266103","56:0x8004a169fb4a3325136eb29fa0ceb6d2e539a432:266103","0xdfc6a801fd1105678e5fde37e0617b69fe0f6077","0xdfc6a801fd1105678e5fde37e0617b69fe0f6077","MCP","https://q402.quackai.ai/api/mcp/info","live","20","","q402_pay q402_batch_pay q402_balance q402_quote q402_receipt q402_agentic_info q402_memory_summary q402_vendor_history","https://q402.quackai.ai/api/wallet/agentic/agent-metadata/0x1da583a4680b8858b704165b5664b29fd60f03d1992dcaa9d457106d160509c1","","","","1","Ready now: endpoint answers and exposes 46 callable skill(s). Needs only a conformance run and a listing."
"HIGH","unclassified","Q402 Agent (by Quack AI)","306075","56:0x8004a169fb4a3325136eb29fa0ceb6d2e539a432:306075","0x9ffda330e2f7a2ddb35c1b2eb7830e9a8a6a9629","0x9ffda330e2f7a2ddb35c1b2eb7830e9a8a6a9629","MCP","https://q402.quackai.ai/api/mcp/info","live","25","","q402_pay q402_batch_pay q402_balance q402_quote q402_receipt q402_agentic_info q402_memory_summary q402_vendor_history","https://q402.quackai.ai/api/wallet/agentic/agent-metadata/0xc12516f3f6b094963ad09a677969d1dbdc5abecd8c319a7eb9b44346d2dfe3dd","","","","1","Ready now: endpoint answers and exposes 46 callable skill(s). Needs only a conformance run and a listing."
"HIGH","unclassified","Q402 Agent (by Quack AI)","306123","56:0x8004a169fb4a3325136eb29fa0ceb6d2e539a432:306123","0xa79493e8d54f02d48c2c697b2733e86236f7ebd7","0xa79493e8d54f02d48c2c697b2733e86236f7ebd7","MCP","https://q402.quackai.ai/api/mcp/info","live","746","","q402_pay q402_batch_pay q402_balance q402_quote q402_receipt q402_agentic_info q402_memory_summary q402_vendor_history","https://q402.quackai.ai/api/wallet/agentic/agent-metadata/0xf4a456c19d36e0a3d53f3e6b6d75de9d659cb0b87f625846990e675858717daf","","","","1","Ready now: endpoint answers and exposes 46 callable skill(s). Needs only a conformance run and a listing."
"HIGH","unclassified","Q402 Agent (by Quack AI)","306130","56:0x8004a169fb4a3325136eb29fa0ceb6d2e539a432:306130","0xda3f0ec9e83c63d1a67885d870240143cc2532ec","0xda3f0ec9e83c63d1a67885d870240143cc2532ec","MCP","https://q402.quackai.ai/api/mcp/info","live","122","","q402_pay q402_batch_pay q402_balance q402_quote q402_receipt q402_agentic_info q402_memory_summary q402_vendor_history","https://q402.quackai.ai/api/wallet/agentic/agent-metadata/0xc7864257f7e5de1359ca83a01e7674c3d1c2fdbb4eb8de6add71b904eba23adf","","","","1","Ready now: endpoint answers and exposes 46 callable skill(s). Needs only a conformance run and a listing."
"HIGH","unclassified","Q402 Agent (by Quack AI)","266318","56:0x8004a169fb4a3325136eb29fa0ceb6d2e539a432:266318","0x9cd3a5d596aad295c0b21ce36f6d90468a157a25","0x9cd3a5d596aad295c0b21ce36f6d90468a157a25","MCP","https://q402.quackai.ai/api/mcp/info","live","39","","q402_pay q402_batch_pay q402_balance q402_quote q402_receipt q402_agentic_info q402_memory_summary q402_vendor_history","https://q402.quackai.ai/api/wallet/agentic/agent-metadata/0xaaf85449df920325f5e52c42a99c6e7fdefd4638c2baf849eda54bd4d8abcd0f","","","","1","Ready now: endpoint answers and exposes 46 callable skill(s). Needs only a conformance run and a listing."
"HIGH","unclassified","Q402 Agent (by Quack AI)","266320","56:0x8004a169fb4a3325136eb29fa0ceb6d2e539a432:266320","0x0d325fce5ad772b61dd2fbbb45efb98a85efe96f","0x0d325fce5ad772b61dd2fbbb45efb98a85efe96f","MCP","https://q402.quackai.ai/api/mcp/info","live","26","","q402_pay q402_batch_pay q402_balance q402_quote q402_receipt q402_agentic_info q402_memory_summary q402_vendor_history","https://q402.quackai.ai/api/wallet/agentic/agent-metadata/0x7bd7f7a468615aeddefb5a469b12eade49607884423fbcb8e8c232c2b0e139e9","","","","1","Ready now: endpoint answers and exposes 46 callable skill(s). Needs only a conformance run and a listing."
"HIGH","unclassified","Q402 Agent (by Quack AI)","266322","56:0x8004a169fb4a3325136eb29fa0ceb6d2e539a432:266322","0x9ea2c4f574a5b29cdb550075e06530e1c3713dd1","0x9ea2c4f574a5b29cdb550075e06530e1c3713dd1","MCP","https://q402.quackai.ai/api/mcp/info","live","25","","q402_pay q402_batch_pay q402_balance q402_quote q402_receipt q402_agentic_info q402_memory_summary q402_vendor_history","https://q402.quackai.ai/api/wallet/agentic/agent-metadata/0x73fbd84ebdfa5026feca5783241c452a246bf00a25e6c98e30010483ef5e6ce2","","","","1","Ready now: endpoint answers and exposes 46 callable skill(s). Needs only a conformance run and a listing."
"HIGH","unclassified","Q402 Agent (by Quack AI)","306113","56:0x8004a169fb4a3325136eb29fa0ceb6d2e539a432:306113","0xe0cee02658617171f1dc0d6980916ace573dfb0e","0xe0cee02658617171f1dc0d6980916ace573dfb0e","MCP","https://q402.quackai.ai/api/mcp/info","live","143","","q402_pay q402_batch_pay q402_balance q402_quote q402_receipt q402_agentic_info q402_memory_summary q402_vendor_history","https://q402.quackai.ai/api/wallet/agentic/agent-metadata/0x6a39c0c01faa15b350fd659845f6c45f6e46dd0a5d392755b12a86857680045c","","","","1","Ready now: endpoint answers and exposes 46 callable skill(s). Needs only a conformance run and a listing."
"HIGH","unclassified","Q402 Agent (by Quack AI)","266412","56:0x8004a169fb4a3325136eb29fa0ceb6d2e539a432:266412","0x4303c81d327b8b2a6cbb85c25683e8341f413762","0x4303c81d327b8b2a6cbb85c25683e8341f413762","MCP","https://q402.quackai.ai/api/mcp/info","live","24","","q402_pay q402_batch_pay q402_balance q402_quote q402_receipt q402_agentic_info q402_memory_summary q402_vendor_history","https://q402.quackai.ai/api/wallet/agentic/agent-metadata/0x028b7e1b04d08495d5c16c00477099ebd44a4020bb3390c00338df50588e3fa8","","","","1","Ready now: endpoint answers and exposes 46 callable skill(s). Needs only a conformance run and a listing."
"HIGH","unclassified","Q402 Agent (by Quack AI)","320862","56:0x8004a169fb4a3325136eb29fa0ceb6d2e539a432:320862","0xd26b42ff411e9de79ae61f06f068af351d41c2ec","0xd26b42ff411e9de79ae61f06f068af351d41c2ec","MCP","https://q402.quackai.ai/api/mcp/info","live","136","","q402_pay q402_batch_pay q402_balance q402_quote q402_receipt q402_agentic_info q402_memory_summary q402_vendor_history","https://q402.quackai.ai/api/wallet/agentic/agent-metadata/0x82215ee95c445ac1ceb47458b5af76ddc2efec48b7147dbf8a0515ea7cc3713f","","","","1","Ready now: endpoint answers and exposes 46 callable skill(s). Needs only a conformance run and a listing."
"HIGH","unclassified","Q402 Agent (by Quack AI)","266418","56:0x8004a169fb4a3325136eb29fa0ceb6d2e539a432:266418","0x2b47f85fc8abaefc4b2abdc146ebbaf65fd02f01","0x2b47f85fc8abaefc4b2abdc146ebbaf65fd02f01","MCP","https://q402.quackai.ai/api/mcp/info","live","21","","q402_pay q402_batch_pay q402_balance q402_quote q402_receipt q402_agentic_info q402_memory_summary q402_vendor_history","https://q402.quackai.ai/api/wallet/agentic/agent-metadata/0x96628249257595fb6999e36f50d897321d3114c368c9296d5e1e05a2f88cd5f6","","","","1","Ready now: endpoint answers and exposes 46 callable skill(s). Needs only a conformance run and a listing."
"HIGH","unclassified","Q402 Agent (by Quack AI)","266411","56:0x8004a169fb4a3325136eb29fa0ceb6d2e539a432:266411","0x024d24a2252836d4e667a52d284464b589d94a0f","0x024d24a2252836d4e667a52d284464b589d94a0f","MCP","https://q402.quackai.ai/api/mcp/info","live","17","","q402_pay q402_batch_pay q402_balance q402_quote q402_receipt q402_agentic_info q402_memory_summary q402_vendor_history","https://q402.quackai.ai/api/wallet/agentic/agent-metadata/0xecffb8c0dd2746d9f01508ef9c4425df4e2918d0d1dc823c6435a1ea8a9d2d6d","","","","1","Ready now: endpoint answers and exposes 46 callable skill(s). Needs only a conformance run and a listing."
"HIGH","unclassified","Q402 Agent (by Quack AI)","266415","56:0x8004a169fb4a3325136eb29fa0ceb6d2e539a432:266415","0x697a2ecbadb7e06371745ed716102dcf4f57eb50","0x697a2ecbadb7e06371745ed716102dcf4f57eb50","MCP","https://q402.quackai.ai/api/mcp/info","live","22","","q402_pay q402_batch_pay q402_balance q402_quote q402_receipt q402_agentic_info q402_memory_summary q402_vendor_history","https://q402.quackai.ai/api/wallet/agentic/agent-metadata/0xd360afdad099a874d5e642fedee9061ca491edbbc1f5ee1754705c0103474b59","","","","1","Ready now: endpoint answers and exposes 46 callable skill(s). Needs only a conformance run and a listing."
"HIGH","unclassified","Q402 Agent (by Quack AI)","306042","56:0x8004a169fb4a3325136eb29fa0ceb6d2e539a432:306042","0x69d1bf7e4f4ff0484b37e29048a04d92e704aa39","0x69d1bf7e4f4ff0484b37e29048a04d92e704aa39","MCP","https://q402.quackai.ai/api/mcp/info","live","26","","q402_pay q402_batch_pay q402_balance q402_quote q402_receipt q402_agentic_info q402_memory_summary q402_vendor_history","https://q402.quackai.ai/api/wallet/agentic/agent-metadata/0x000e536a0bc968c41745b31850da9af33641a03a9c3f85ee7286c4ded614b70f","","","","1","Ready now: endpoint answers and exposes 46 callable skill(s). Needs only a conformance run and a listing."
"HIGH","unclassified","Q402 Agent (by Quack AI)","266410","56:0x8004a169fb4a3325136eb29fa0ceb6d2e539a432:266410","0x8aae0100fa9ef8f65f0ecdc30c8e37183c41754b","0x8aae0100fa9ef8f65f0ecdc30c8e37183c41754b","MCP","https://q402.quackai.ai/api/mcp/info","live","21","","q402_pay q402_batch_pay q402_balance q402_quote q402_receipt q402_agentic_info q402_memory_summary q402_vendor_history","https://q402.quackai.ai/api/wallet/agentic/agent-metadata/0x57b798513e3bb6c0f7d3f3f8ab546a7d1b153358d5cb3e445385cb9548ae21e7","","","","1","Ready now: endpoint answers and exposes 46 callable skill(s). Needs only a conformance run and a listing."
"HIGH","unclassified","Q402 Agent (by Quack AI)","306098","56:0x8004a169fb4a3325136eb29fa0ceb6d2e539a432:306098","0x3cb0158e25d1093679775f2b6eb14c4f5846bf5c","0x3cb0158e25d1093679775f2b6eb14c4f5846bf5c","MCP","https://q402.quackai.ai/api/mcp/info","live","154","","q402_pay q402_batch_pay q402_balance q402_quote q402_receipt q402_agentic_info q402_memory_summary q402_vendor_history","https://q402.quackai.ai/api/wallet/agentic/agent-metadata/0x0ab1f77687c70149c170bc11c729dba38591cbbddbbff3a77cc37b36e12e27af","","","","1","Ready now: endpoint answers and exposes 46 callable skill(s). Needs only a conformance run and a listing."
"HIGH","unclassified","Q402 Agent (by Quack AI)","266092","56:0x8004a169fb4a3325136eb29fa0ceb6d2e539a432:266092","0x501a811dc5b5e0e497fd81e8d7b69ada1a55b370","0x501a811dc5b5e0e497fd81e8d7b69ada1a55b370","MCP","https://q402.quackai.ai/api/mcp/info","live","19","","q402_pay q402_batch_pay q402_balance q402_quote q402_receipt q402_agentic_info q402_memory_summary q402_vendor_history","https://q402.quackai.ai/api/wallet/agentic/agent-metadata/0x018b1dfb7afb960ea4645a8cbe3d3a6fd139777a70f7f337ccb4671d94ccc1af","","","","1","Ready now: endpoint answers and exposes 46 callable skill(s). Needs only a conformance run and a listing."
"HIGH","unclassified","Q402 Agent (by Quack AI)","266095","56:0x8004a169fb4a3325136eb29fa0ceb6d2e539a432:266095","0x350c310f7a33c8691d957d6a4228b1b83896653b","0x350c310f7a33c8691d957d6a4228b1b83896653b","MCP","https://q402.quackai.ai/api/mcp/info","live","24","","q402_pay q402_batch_pay q402_balance q402_quote q402_receipt q402_agentic_info q402_memory_summary q402_vendor_history","https://q402.quackai.ai/api/wallet/agentic/agent-metadata/0xff13d0d602bb81234909ee8d0f93f551eafb5f12177b0efe2d5813f864223092","","","","1","Ready now: endpoint answers and exposes 46 callable skill(s). Needs only a conformance run and a listing."
"HIGH","unclassified","Q402 Agent (by Quack AI)","266414","56:0x8004a169fb4a3325136eb29fa0ceb6d2e539a432:266414","0x404a9a67060a54cb0923175ddb5ad93e20a0acdc","0x404a9a67060a54cb0923175ddb5ad93e20a0acdc","MCP","https://q402.quackai.ai/api/mcp/info","live","18","","q402_pay q402_batch_pay q402_balance q402_quote q402_receipt q402_agentic_info q402_memory_summary q402_vendor_history","https://q402.quackai.ai/api/wallet/agentic/agent-metadata/0xd91dd8a2cd52e8db46f6d890295b35d203d0df61e759809a8cf97aeb4cff7f21","","","","1","Ready now: endpoint answers and exposes 46 callable skill(s). Needs only a conformance run and a listing."
"HIGH","unclassified","Q402 Agent (by Quack AI)","266413","56:0x8004a169fb4a3325136eb29fa0ceb6d2e539a432:266413","0xc5de3c875b18c2c4c384da3037ed40a1c2e04d5b","0xc5de3c875b18c2c4c384da3037ed40a1c2e04d5b","MCP","https://q402.quackai.ai/api/mcp/info","live","22","","q402_pay q402_batch_pay q402_balance q402_quote q402_receipt q402_agentic_info q402_memory_summary q402_vendor_history","https://q402.quackai.ai/api/wallet/agentic/agent-metadata/0xc7105c7ade01ed76446ba59df731f65539df32a5fd0fe60f358c246a4140d0f5","","","","1","Ready now: endpoint answers and exposes 46 callable skill(s). Needs only a conformance run and a listing."
"HIGH","unclassified","Q402 Agent (by Quack AI)","266416","56:0x8004a169fb4a3325136eb29fa0ceb6d2e539a432:266416","0xa6d945f2440ea8d5736afbb45ddb6570ede9f72a","0xa6d945f2440ea8d5736afbb45ddb6570ede9f72a","MCP","https://q402.quackai.ai/api/mcp/info","live","17","","q402_pay q402_batch_pay q402_balance q402_quote q402_receipt q402_agentic_info q402_memory_summary q402_vendor_history","https://q402.quackai.ai/api/wallet/agentic/agent-metadata/0xd0fd5aec9b9c98d2f9a9914c47900b5545b5564a889e50057c2dcbf1b8c505e3","","","","1","Ready now: endpoint answers and exposes 46 callable skill(s). Needs only a conformance run and a listing."
"HIGH","unclassified","Q402 Agent (by Quack AI)","266106","56:0x8004a169fb4a3325136eb29fa0ceb6d2e539a432:266106","0x9a94d7f23ac039ba83cb933d05177986d58bd0de","0x9a94d7f23ac039ba83cb933d05177986d58bd0de","MCP","https://q402.quackai.ai/api/mcp/info","live","24","","q402_pay q402_batch_pay q402_balance q402_quote q402_receipt q402_agentic_info q402_memory_summary q402_vendor_history","https://q402.quackai.ai/api/wallet/agentic/agent-metadata/0xd6f2cf638ea222474849e2a7cc80d4eb0d0a65d837978a9e06ba09cf44050ac6","","","","1","Ready now: endpoint answers and exposes 46 callable skill(s). Needs only a conformance run and a listing."
"HIGH","unclassified","Q402 Agent (by Quack AI)","330805","56:0x8004a169fb4a3325136eb29fa0ceb6d2e539a432:330805","0xd3a0dc7f213f455c20e8f1bdd7bd18024e7b66c9","0xd3a0dc7f213f455c20e8f1bdd7bd18024e7b66c9","MCP","https://q402.quackai.ai/api/mcp/info","live","16","","q402_pay q402_batch_pay q402_balance q402_quote q402_receipt q402_agentic_info q402_memory_summary q402_vendor_history","https://q402.quackai.ai/api/wallet/agentic/agent-metadata/0x961668ae08677906187aaed7fc7b48dbcb14d733d637dff3fcad3c880f089678","","","","1","Ready now: endpoint answers and exposes 46 callable skill(s). Needs only a conformance run and a listing."
"HIGH","unclassified","Q402 Agent (by Quack AI)","306082","56:0x8004a169fb4a3325136eb29fa0ceb6d2e539a432:306082","0x68eccf2995968f6b0c4a3886041cdd3cf36cc286","0x68eccf2995968f6b0c4a3886041cdd3cf36cc286","MCP","https://q402.quackai.ai/api/mcp/info","live","613","","q402_pay q402_batch_pay q402_balance q402_quote q402_receipt q402_agentic_info q402_memory_summary q402_vendor_history","https://q402.quackai.ai/api/wallet/agentic/agent-metadata/0x26c662de3808bd2249be9be7ea4fb1b765410aebcd46b7088285695cbceba659","","","","1","Ready now: endpoint answers and exposes 46 callable skill(s). Needs only a conformance run and a listing."
"HIGH","unclassified","Q402 Agent (by Quack AI)","306057","56:0x8004a169fb4a3325136eb29fa0ceb6d2e539a432:306057","0x3fb52d556461f2f97e58b8eace9383a50cf43376","0x3fb52d556461f2f97e58b8eace9383a50cf43376","MCP","https://q402.quackai.ai/api/mcp/info","live","133","","q402_pay q402_batch_pay q402_balance q402_quote q402_receipt q402_agentic_info q402_memory_summary q402_vendor_history","https://q402.quackai.ai/api/wallet/agentic/agent-metadata/0xe8c87b636c9fa5e29250af5db2c7d35f242ccd99a61ba8dca4e7cfea05281c0c","","","","1","Ready now: endpoint answers and exposes 46 callable skill(s). Needs only a conformance run and a listing."
"HIGH","unclassified","Q402 Agent (by Quack AI)","266422","56:0x8004a169fb4a3325136eb29fa0ceb6d2e539a432:266422","0xe85c9b6d9cc1dc130deab9228e2b3566550a9fec","0xe85c9b6d9cc1dc130deab9228e2b3566550a9fec","MCP","https://q402.quackai.ai/api/mcp/info","live","22","","q402_pay q402_batch_pay q402_balance q402_quote q402_receipt q402_agentic_info q402_memory_summary q402_vendor_history","https://q402.quackai.ai/api/wallet/agentic/agent-metadata/0xbc8c347a9133e48857600ca0d4005eac77af7f3ccc8da3c12085b27515fdc5ed","","","","1","Ready now: endpoint answers and exposes 46 callable skill(s). Needs only a conformance run and a listing."
"HIGH","unclassified","Q402 Agent (by Quack AI)","266423","56:0x8004a169fb4a3325136eb29fa0ceb6d2e539a432:266423","0x0eb564b1825a0190322640bc9ee3d2e0b0842695","0x0eb564b1825a0190322640bc9ee3d2e0b0842695","MCP","https://q402.quackai.ai/api/mcp/info","live","130","","q402_pay q402_batch_pay q402_balance q402_quote q402_receipt q402_agentic_info q402_memory_summary q402_vendor_history","https://q402.quackai.ai/api/wallet/agentic/agent-metadata/0x7cf9c9719a9badcf8c8487c46ae6cb34a918eda1690c63fd40323ff1146b8290","","","","1","Ready now: endpoint answers and exposes 46 callable skill(s). Needs only a conformance run and a listing."
"HIGH","unclassified","Q402 Agent (by Quack AI)","266101","56:0x8004a169fb4a3325136eb29fa0ceb6d2e539a432:266101","0x094330ba7e7920616ef0d59e9f31c3c6e2839f63","0x094330ba7e7920616ef0d59e9f31c3c6e2839f63","MCP","https://q402.quackai.ai/api/mcp/info","live","25","","q402_pay q402_batch_pay q402_balance q402_quote q402_receipt q402_agentic_info q402_memory_summary q402_vendor_history","https://q402.quackai.ai/api/wallet/agentic/agent-metadata/0xba12bbcdad5a21ce58e081c04140eee2bfdf4c97c9ab79d913fdd4d25126059c","","","","1","Ready now: endpoint answers and exposes 46 callable skill(s). Needs only a conformance run and a listing."
"HIGH","unclassified","Q402 Agent (by Quack AI)","306103","56:0x8004a169fb4a3325136eb29fa0ceb6d2e539a432:306103","0x7ba870a017a98db0f62feacf0db7f75182a03e94","0x7ba870a017a98db0f62feacf0db7f75182a03e94","MCP","https://q402.quackai.ai/api/mcp/info","live","133","","q402_pay q402_batch_pay q402_balance q402_quote q402_receipt q402_agentic_info q402_memory_summary q402_vendor_history","https://q402.quackai.ai/api/wallet/agentic/agent-metadata/0x055662a11e445a200c238e32aae4834363c4c5ec327857562ea4f9492e533267","","","","1","Ready now: endpoint answers and exposes 46 callable skill(s). Needs only a conformance run and a listing."
"LOW","health_factor","Sentinels Health Guard","330663","56:0x8004a169fb4a3325136eb29fa0ceb6d2e539a432:330663","0x4e21f74143660ee576f4d2ac26bd30729a849f55","0x4e21f74143660ee576f4d2ac26bd30729a849f55","A2A OASF","https://bedrock-agentcore.us-east-1.amazonaws.com/runtimes/arn%3Aaws%3Abedrock-agentcore%3Aus-east-1%3A562333538205%3Aruntime%2Fsshealthguard_sshealthguard-qfCow89o7w/invocations/.well-known/agent-card.json","dead","341","http_4xx","","https://eips.ethereum.org/EIPS/eip-8004#registration-v1","","https://github.com/agntcy/oasf/","","10","Not yet probed."
"LOW","grid","Sentinels Grid Trader","330536","56:0x8004a169fb4a3325136eb29fa0ceb6d2e539a432:330536","0x4e21f74143660ee576f4d2ac26bd30729a849f55","0x4e21f74143660ee576f4d2ac26bd30729a849f55","A2A OASF","https://bedrock-agentcore.us-east-1.amazonaws.com/runtimes/arn%3Aaws%3Abedrock-agentcore%3Aus-east-1%3A562333538205%3Aruntime%2Fssgridtrader_ssgridtrader-3Xa9LeCsj5/invocations/.well-known/agent-card.json","dead","331","http_4xx","","https://eips.ethereum.org/EIPS/eip-8004#registration-v1","","https://github.com/agntcy/oasf/","","10","Not yet probed."
"HIGH","health_factor","positioncrew-lending-rescue.agent","266229","56:0x8004a169fb4a3325136eb29fa0ceb6d2e539a432:266229","0xbad35fa6e368e90fc4faf63507f2d0a2fdf94baf","0xbad35fa6e368e90fc4faf63507f2d0a2fdf94baf","A2A","https://platform-backend.prod.termix.live/api/v1/a2a/agents/266229/card","unbound","348","unbound","","https://termix-platform-prod.s3.ap-southeast-1.amazonaws.com/platform/agents/328105f4b667a69be4730a1cf15d73e237713bf37fa50a7b70c2270397eda2d1.json","","","","4","Registered and discoverable, but never bound to a runtime: the card serves, yet exposes no executable endpoint and no skills. One deploy away from being hireable."
"HIGH","grid","positioncrew-bounded-grid.agent","266234","56:0x8004a169fb4a3325136eb29fa0ceb6d2e539a432:266234","0xbad35fa6e368e90fc4faf63507f2d0a2fdf94baf","0xbad35fa6e368e90fc4faf63507f2d0a2fdf94baf","A2A","https://platform-backend.prod.termix.live/api/v1/a2a/agents/266234/card","unbound","344","unbound","","https://termix-platform-prod.s3.ap-southeast-1.amazonaws.com/platform/agents/87bac7211dee119ac4b2516aae80e7ba595c8048f8d58800f704168d2791e316.json","","","","4","Registered and discoverable, but never bound to a runtime: the card serves, yet exposes no executable endpoint and no skills. One deploy away from being hireable."
"HIGH","yield","positioncrew-yield-optimizer.agent","266232","56:0x8004a169fb4a3325136eb29fa0ceb6d2e539a432:266232","0xbad35fa6e368e90fc4faf63507f2d0a2fdf94baf","0xbad35fa6e368e90fc4faf63507f2d0a2fdf94baf","A2A","https://platform-backend.prod.termix.live/api/v1/a2a/agents/266232/card","unbound","350","unbound","","https://termix-platform-prod.s3.ap-southeast-1.amazonaws.com/platform/agents/5fb1d1e82534ccb713fd3d2236405f24ac2c23b5cf2b234bfc91565927a39227.json","","","","4","Registered and discoverable, but never bound to a runtime: the card serves, yet exposes no executable endpoint and no skills. One deploy away from being hireable."
"HIGH","rebalancing","positioncrew-lp-rebalance.agent","266231","56:0x8004a169fb4a3325136eb29fa0ceb6d2e539a432:266231","0xbad35fa6e368e90fc4faf63507f2d0a2fdf94baf","0xbad35fa6e368e90fc4faf63507f2d0a2fdf94baf","A2A","https://platform-backend.prod.termix.live/api/v1/a2a/agents/266231/card","unbound","335","unbound","","https://termix-platform-prod.s3.ap-southeast-1.amazonaws.com/platform/agents/4a7951ea9fc2197255db76587c0e3975beed799e8c4f0be898d68f3e961d502f.json","","","","4","Registered and discoverable, but never bound to a runtime: the card serves, yet exposes no executable endpoint and no skills. One deploy away from being hireable."
"HIGH","yield","fid_up79.agent","305950","56:0x8004a169fb4a3325136eb29fa0ceb6d2e539a432:305950","0xf4e047eda1a4f0945446cc2f0ba52df2d879cc43","0xf4e047eda1a4f0945446cc2f0ba52df2d879cc43","A2A","https://platform-backend.prod.termix.live/api/v1/a2a/agents/305950/card","unbound","352","unbound","","https://termix-platform-prod.s3.ap-southeast-1.amazonaws.com/platform/agents/0dda24d0ca2d286b97742b45c20470d7a63a67a8018ed64a0e9eb1e6c177dff4.json","","","","3","Registered and discoverable, but never bound to a runtime: the card serves, yet exposes no executable endpoint and no skills. One deploy away from being hireable."
"HIGH","yield","GvPuHKg.agent","327022","56:0x8004a169fb4a3325136eb29fa0ceb6d2e539a432:327022","0x550f892585e948aa054197439acbc97bd98aaaf9","0x550f892585e948aa054197439acbc97bd98aaaf9","A2A","https://platform-backend.prod.termix.live/api/v1/a2a/agents/327022/card","unbound","343","unbound","","https://termix-platform-prod.s3.ap-southeast-1.amazonaws.com/platform/agents/6fe7036d281284bea897ff885d3f4b4b167991cf405caaa718f7ed975aec191d.json","","","","2","Registered and discoverable, but never bound to a runtime: the card serves, yet exposes no executable endpoint and no skills. One deploy away from being hireable."
"HIGH","yield","dROumWv.agent","330286","56:0x8004a169fb4a3325136eb29fa0ceb6d2e539a432:330286","0x7e83fe7f5c6558c21fb91207af406b9e7c2c4e09","0x7e83fe7f5c6558c21fb91207af406b9e7c2c4e09","A2A","https://platform-backend.prod.termix.live/api/v1/a2a/agents/330286/card","unbound","337","unbound","","https://termix-platform-prod.s3.ap-southeast-1.amazonaws.com/platform/agents/21461b9fcc635e38feff9f5bbec090806c5c3baef4188d7fab4729b4df42a061.json","","","","2","Registered and discoverable, but never bound to a runtime: the card serves, yet exposes no executable endpoint and no skills. One deploy away from being hireable."
"HIGH","yield","GoVIhMYLY.agent","327900","56:0x8004a169fb4a3325136eb29fa0ceb6d2e539a432:327900","0xdd58333289e8aa7d53a415f7b3db32d79f422f72","0xdd58333289e8aa7d53a415f7b3db32d79f422f72","A2A","https://platform-backend.prod.termix.live/api/v1/a2a/agents/327900/card","unbound","335","unbound","","https://termix-platform-prod.s3.ap-southeast-1.amazonaws.com/platform/agents/78cb03f25560046c82e0412e9f7282fed9b704ddd712378c28fe3ce169e8b47d.json","","","","1","Registered and discoverable, but never bound to a runtime: the card serves, yet exposes no executable endpoint and no skills. One deploy away from being hireable."
"LOW","security","Sentinels Security Scout","330831","56:0x8004a169fb4a3325136eb29fa0ceb6d2e539a432:330831","0x4e21f74143660ee576f4d2ac26bd30729a849f55","0x4e21f74143660ee576f4d2ac26bd30729a849f55","A2A OASF","https://bedrock-agentcore.us-east-1.amazonaws.com/runtimes/arn%3Aaws%3Abedrock-agentcore%3Aus-east-1%3A562333538205%3Aruntime%2Fsssecurityscout_sssecurityscout-e3Am6u3VB2/invocations/.well-known/agent-card.json","dead","369","http_4xx","","https://eips.ethereum.org/EIPS/eip-8004#registration-v1","","https://github.com/agntcy/oasf/","","10","Not yet probed."
"HIGH","unclassified","hgmgch.agent","330043","56:0x8004a169fb4a3325136eb29fa0ceb6d2e539a432:330043","0x566fc2edfd1649ec48f7428d75cdf9ba724d6560","0x566fc2edfd1649ec48f7428d75cdf9ba724d6560","A2A","https://platform-backend.prod.termix.live/api/v1/a2a/agents/330043/card","unbound","339","unbound","","https://termix-platform-prod.s3.ap-southeast-1.amazonaws.com/platform/agents/a765f44ae8dd893f8228c9db15d0c5a74a1e6b88e172100d58ba6c4fe137ca9e.json","","","","5","Registered and discoverable, but never bound to a runtime: the card serves, yet exposes no executable endpoint and no skills. One deploy away from being hireable."
"HIGH","unclassified","TradeScope.agent","332405","56:0x8004a169fb4a3325136eb29fa0ceb6d2e539a432:332405","0xfc3ea87e2abe50c3c216aed08419088beb6e864a","0xfc3ea87e2abe50c3c216aed08419088beb6e864a","A2A","https://platform-backend.prod.termix.live/api/v1/a2a/agents/332405/card","unbound","366","unbound","","https://termix-platform-prod.s3.ap-southeast-1.amazonaws.com/platform/agents/af6db057341c127c86756cb012bc5e69a4cc2fd9c729acdd1cc687c07dda3a93.json","","","","5","Registered and discoverable, but never bound to a runtime: the card serves, yet exposes no executable endpoint and no skills. One deploy away from being hireable."
"LOW","unclassified","lirentaou.agent","330034","56:0x8004a169fb4a3325136eb29fa0ceb6d2e539a432:330034","0x566fc2edfd1649ec48f7428d75cdf9ba724d6560","0x566fc2edfd1649ec48f7428d75cdf9ba724d6560","A2A","https://platform-backend.prod.termix.live/api/v1/a2a/agents/330034/card","dead","8001","timeout","","https://termix-platform-prod.s3.ap-southeast-1.amazonaws.com/platform/agents/aa87db04a26c9ac2eee878ce84bf3c247777e427d707e3eb732d6427b5b47eb9.json","","","","5","Declared endpoint does not respond (timeout). Either the host is gone or the URL in their registry metadata is stale — worth telling them, since it is invisible from their side."
"MEDIUM","unclassified","vector-d0ko7.agent","306116","56:0x8004a169fb4a3325136eb29fa0ceb6d2e539a432:306116","0xfd73ca17e43eac934535d1eb20c02a90d7b72d78","0xfd73ca17e43eac934535d1eb20c02a90d7b72d78","A2A","https://platform-backend.prod.termix.live/api/v1/a2a/agents/306116/card","unbound","339","unbound","","https://termix-platform-prod.s3.ap-southeast-1.amazonaws.com/platform/agents/947ea912a615cb85a8a2db09fd7926781eba66771b5066c5cf2c8398bb08fce7.json","","","","4","Registered and discoverable, but never bound to a runtime: the card serves, yet exposes no executable endpoint and no skills. One deploy away from being hireable."
"MEDIUM","unclassified","synapse-x0dxb.agent","306092","56:0x8004a169fb4a3325136eb29fa0ceb6d2e539a432:306092","0xcb0c096e33fdec792d34c2116ad92e8848e8c866","0xcb0c096e33fdec792d34c2116ad92e8848e8c866","A2A","https://platform-backend.prod.termix.live/api/v1/a2a/agents/306092/card","unbound","348","unbound","","https://termix-platform-prod.s3.ap-southeast-1.amazonaws.com/platform/agents/c3ad5900ae74e410e6a1ba5c7204cee2046494ecbe38508a685262636e0461bc.json","","","","4","Registered and discoverable, but never bound to a runtime: the card serves, yet exposes no executable endpoint and no skills. One deploy away from being hireable."
"MEDIUM","unclassified","hipcoin34.agent","311000","56:0x8004a169fb4a3325136eb29fa0ceb6d2e539a432:311000","0xd4ef6a405b2a0ccecbaddbcf5ae3a8463abf0580","0xd4ef6a405b2a0ccecbaddbcf5ae3a8463abf0580","A2A","https://platform-backend.prod.termix.live/api/v1/a2a/agents/311000/card","unbound","349","unbound","","https://termix-platform-prod.s3.ap-southeast-1.amazonaws.com/platform/agents/36d105e2ffdcee660f3a8e7170de4cf79d8e3fce8b9fa9b6d02fe45ffb807c1c.json","","","","4","Registered and discoverable, but never bound to a runtime: the card serves, yet exposes no executable endpoint and no skills. One deploy away from being hireable."
"MEDIUM","unclassified","QTV.agent","306043","56:0x8004a169fb4a3325136eb29fa0ceb6d2e539a432:306043","0x252c581716df6962fe6e7d2489059a80cc78e3a4","0x252c581716df6962fe6e7d2489059a80cc78e3a4","A2A","https://platform-backend.prod.termix.live/api/v1/a2a/agents/306043/card","unbound","361","unbound","","https://termix-platform-prod.s3.ap-southeast-1.amazonaws.com/platform/agents/070d6fd055259c4bb2399488316460fbf26876d291ad97b61329c7cfb3b332dc.json","","","","3","Registered and discoverable, but never bound to a runtime: the card serves, yet exposes no executable endpoint and no skills. One deploy away from being hireable."
"MEDIUM","unclassified","apex-hu5z0.agent","306120","56:0x8004a169fb4a3325136eb29fa0ceb6d2e539a432:306120","0x077f2cab8428c5c96e165254e34fbed6477688e5","0x077f2cab8428c5c96e165254e34fbed6477688e5","A2A","https://platform-backend.prod.termix.live/api/v1/a2a/agents/306120/card","unbound","341","unbound","","https://termix-platform-prod.s3.ap-southeast-1.amazonaws.com/platform/agents/46d2a3f73973fa1177015b5f433c2a100d06cdd3bea47f95328a1dec5a0cdde4.json","","","","3","Registered and discoverable, but never bound to a runtime: the card serves, yet exposes no executable endpoint and no skills. One deploy away from being hireable."
"MEDIUM","unclassified","qtt.agent","306052","56:0x8004a169fb4a3325136eb29fa0ceb6d2e539a432:306052","0x252c581716df6962fe6e7d2489059a80cc78e3a4","0x252c581716df6962fe6e7d2489059a80cc78e3a4","A2A","https://platform-backend.prod.termix.live/api/v1/a2a/agents/306052/card","unbound","344","unbound","","https://termix-platform-prod.s3.ap-southeast-1.amazonaws.com/platform/agents/4d2672ec5b71d7e85de7995054cb303c04ddd2c5eddbf76eea49bae89b581cef.json","","","","3","Registered and discoverable, but never bound to a runtime: the card serves, yet exposes no executable endpoint and no skills. One deploy away from being hireable."
"MEDIUM","unclassified","Ibra1234.agent","306117","56:0x8004a169fb4a3325136eb29fa0ceb6d2e539a432:306117","0xce2b4a0b66fd312068ca266c3ef87a6ca2d974a9","0xce2b4a0b66fd312068ca266c3ef87a6ca2d974a9","A2A","https://platform-backend.prod.termix.live/api/v1/a2a/agents/306117/card","unbound","340","unbound","","https://termix-platform-prod.s3.ap-southeast-1.amazonaws.com/platform/agents/3ccf14e19b80b0c8a360545e512310f072b4f7b7cef8f3f97167007fe95b6ab6.json","","","","3","Registered and discoverable, but never bound to a runtime: the card serves, yet exposes no executable endpoint and no skills. One deploy away from being hireable."
"MEDIUM","unclassified","Arbaa.agent","331228","56:0x8004a169fb4a3325136eb29fa0ceb6d2e539a432:331228","0x9074b42d5332f2db71b811fa7a532dc9bba128b8","0x9074b42d5332f2db71b811fa7a532dc9bba128b8","A2A","https://platform-backend.prod.termix.live/api/v1/a2a/agents/331228/card","unbound","337","unbound","","https://termix-platform-prod.s3.ap-southeast-1.amazonaws.com/platform/agents/6d957b7e79cf8fd3561053113860f416973069054c4966dd67a070bff6eed899.json","","","","3","Registered and discoverable, but never bound to a runtime: the card serves, yet exposes no executable endpoint and no skills. One deploy away from being hireable."
"MEDIUM","unclassified","Yaminaiya.agent","331169","56:0x8004a169fb4a3325136eb29fa0ceb6d2e539a432:331169","0xcf9272b079b9c0940372b90d7135142714cf975f","0xcf9272b079b9c0940372b90d7135142714cf975f","A2A","https://platform-backend.prod.termix.live/api/v1/a2a/agents/331169/card","unbound","338","unbound","","https://termix-platform-prod.s3.ap-southeast-1.amazonaws.com/platform/agents/b79449129b42e180ca4797ba202c669cada7b5db5f470f0fab169c105a7aa53e.json","","","","3","Registered and discoverable, but never bound to a runtime: the card serves, yet exposes no executable endpoint and no skills. One deploy away from being hireable."
"MEDIUM","unclassified","weq.agent","330992","56:0x8004a169fb4a3325136eb29fa0ceb6d2e539a432:330992","0x5ab87307efbefe7a631e9bf934d8510face42580","0x5ab87307efbefe7a631e9bf934d8510face42580","A2A","https://platform-backend.prod.termix.live/api/v1/a2a/agents/330992/card","unbound","350","unbound","","https://termix-platform-prod.s3.ap-southeast-1.amazonaws.com/platform/agents/22504b7cc7675689afcef862ed4bb4bf4e7646dfeb480ec210a15cb908bed93d.json","","","","3","Registered and discoverable, but never bound to a runtime: the card serves, yet exposes no executable endpoint and no skills. One deploy away from being hireable."
"LOW","unclassified","hyper-biv83.agent","306074","56:0x8004a169fb4a3325136eb29fa0ceb6d2e539a432:306074","0x718b5ced9877e31983b28f79006fe053848908b0","0x718b5ced9877e31983b28f79006fe053848908b0","A2A","https://platform-backend.prod.termix.live/api/v1/a2a/agents/306074/card","dead","8002","timeout","","https://termix-platform-prod.s3.ap-southeast-1.amazonaws.com/platform/agents/c34a4ccb3ed0a49257f4e246234558ea8211629d32290b2652f63e788f5114bc.json","","","","3","Declared endpoint does not respond (timeout). Either the host is gone or the URL in their registry metadata is stale — worth telling them, since it is invisible from their side."
"MEDIUM","unclassified","Sdf.agent","332179","56:0x8004a169fb4a3325136eb29fa0ceb6d2e539a432:332179","0xefbfed8bd89ad228ca6482cc3ce3b3f05de68507","0xefbfed8bd89ad228ca6482cc3ce3b3f05de68507","A2A","https://platform-backend.prod.termix.live/api/v1/a2a/agents/332179/card","unbound","4443","unbound","","https://termix-platform-prod.s3.ap-southeast-1.amazonaws.com/platform/agents/7ea5430c7db8400ead677a44a99f715ddf6e8d7bc862daf8fce73ce2a733aaab.json","","","","3","Registered and discoverable, but never bound to a runtime: the card serves, yet exposes no executable endpoint and no skills. One deploy away from being hireable."
"MEDIUM","unclassified","Maxi.agent","311220","56:0x8004a169fb4a3325136eb29fa0ceb6d2e539a432:311220","0xe8e78dcf12d8ebdec671a4326844d00b353e5bc4","0xe8e78dcf12d8ebdec671a4326844d00b353e5bc4","A2A","https://platform-backend.prod.termix.live/api/v1/a2a/agents/311220/card","unbound","338","unbound","","https://termix-platform-prod.s3.ap-southeast-1.amazonaws.com/platform/agents/48153f9fc80f13bd2164d1816e6457d47066825f39ac25316b0ecc6de141458f.json","","","","3","Registered and discoverable, but never bound to a runtime: the card serves, yet exposes no executable endpoint and no skills. One deploy away from being hireable."
"LOW","unclassified","nayem007.agent","330225","56:0x8004a169fb4a3325136eb29fa0ceb6d2e539a432:330225","0x4f821373f63cb26961d3ebabd61c69ff1cd09745","0x4f821373f63cb26961d3ebabd61c69ff1cd09745","A2A","https://platform-backend.prod.termix.live/api/v1/a2a/agents/330225/card","dead","8000","timeout","","https://termix-platform-prod.s3.ap-southeast-1.amazonaws.com/platform/agents/e53d05250001cfbc5ae8b2927a59ff316f13bad88566bd9a79784310df8a6e87.json","","","","3","Declared endpoint does not respond (timeout). Either the host is gone or the URL in their registry metadata is stale — worth telling them, since it is invisible from their side."
"MEDIUM","unclassified","HVk.agent","306047","56:0x8004a169fb4a3325136eb29fa0ceb6d2e539a432:306047","0x252c581716df6962fe6e7d2489059a80cc78e3a4","0x252c581716df6962fe6e7d2489059a80cc78e3a4","A2A","https://platform-backend.prod.termix.live/api/v1/a2a/agents/306047/card","unbound","336","unbound","","https://termix-platform-prod.s3.ap-southeast-1.amazonaws.com/platform/agents/1bb50fbb6e32f068fe23e34bf636e6e0c664309ec177871068096dd4812a0df8.json","","","","3","Registered and discoverable, but never bound to a runtime: the card serves, yet exposes no executable endpoint and no skills. One deploy away from being hireable."
"MEDIUM","unclassified","flux-9ecd7.agent","306096","56:0x8004a169fb4a3325136eb29fa0ceb6d2e539a432:306096","0xaa69d672d3167bb52af78f27d89e1e83eac764cb","0xaa69d672d3167bb52af78f27d89e1e83eac764cb","A2A","https://platform-backend.prod.termix.live/api/v1/a2a/agents/306096/card","unbound","349","unbound","","https://termix-platform-prod.s3.ap-southeast-1.amazonaws.com/platform/agents/6b7701338cc0eebe4ec56055697581e4f3d45a8c9421332965f0d3af463dacdd.json","","","","3","Registered and discoverable, but never bound to a runtime: the card serves, yet exposes no executable endpoint and no skills. One deploy away from being hireable."
"MEDIUM","unclassified","Ibra1786.agent","306127","56:0x8004a169fb4a3325136eb29fa0ceb6d2e539a432:306127","0xce2b4a0b66fd312068ca266c3ef87a6ca2d974a9","0xce2b4a0b66fd312068ca266c3ef87a6ca2d974a9","A2A","https://platform-backend.prod.termix.live/api/v1/a2a/agents/306127/card","unbound","340","unbound","","https://termix-platform-prod.s3.ap-southeast-1.amazonaws.com/platform/agents/b620d759cc2bd230dcb70ff535ec5d5c92eb39446c0742c019855ed9d3b8f324.json","","","","3","Registered and discoverable, but never bound to a runtime: the card serves, yet exposes no executable endpoint and no skills. One deploy away from being hireable."
"MEDIUM","unclassified","raw.agent","327775","56:0x8004a169fb4a3325136eb29fa0ceb6d2e539a432:327775","0x41858c6e78ebb2e636ac68605ccd6019f48f079a","0x41858c6e78ebb2e636ac68605ccd6019f48f079a","A2A","https://platform-backend.prod.termix.live/api/v1/a2a/agents/327775/card","unbound","349","unbound","","https://termix-platform-prod.s3.ap-southeast-1.amazonaws.com/platform/agents/56442334df13ee6aad9d589d767b2f71c4dc6d03357949e44daae4b2660ac25e.json","","","","3","Registered and discoverable, but never bound to a runtime: the card serves, yet exposes no executable endpoint and no skills. One deploy away from being hireable."
"LOW","unclassified","Nayem007.agent","330234","56:0x8004a169fb4a3325136eb29fa0ceb6d2e539a432:330234","0x4f821373f63cb26961d3ebabd61c69ff1cd09745","0x4f821373f63cb26961d3ebabd61c69ff1cd09745","A2A","https://platform-backend.prod.termix.live/api/v1/a2a/agents/330234/card","dead","8002","timeout","","https://termix-platform-prod.s3.ap-southeast-1.amazonaws.com/platform/agents/7b4c8b5aaf2ea3332169a2d2bf9e47dbce9df7955f99cae571cd73f2620c3a32.json","","","","3","Declared endpoint does not respond (timeout). Either the host is gone or the URL in their registry metadata is stale — worth telling them, since it is invisible from their side."
"MEDIUM","unclassified","tooop.agent","311173","56:0x8004a169fb4a3325136eb29fa0ceb6d2e539a432:311173","0x25ba3209a51906ef2231135101948a99602eeb73","0x25ba3209a51906ef2231135101948a99602eeb73","A2A","https://platform-backend.prod.termix.live/api/v1/a2a/agents/311173/card","unbound","354","unbound","","https://termix-platform-prod.s3.ap-southeast-1.amazonaws.com/platform/agents/9655a3e909977095ab32cf150e83b64920703cf032d113667003e7555e934192.json","","","","3","Registered and discoverable, but never bound to a runtime: the card serves, yet exposes no executable endpoint and no skills. One deploy away from being hireable."
"MEDIUM","unclassified","pulse-21bmw.agent","306093","56:0x8004a169fb4a3325136eb29fa0ceb6d2e539a432:306093","0xf2facc42c9056b53c3591cf5f28cd2bf914a245a","0xf2facc42c9056b53c3591cf5f28cd2bf914a245a","A2A","https://platform-backend.prod.termix.live/api/v1/a2a/agents/306093/card","unbound","337","unbound","","https://termix-platform-prod.s3.ap-southeast-1.amazonaws.com/platform/agents/092a1a90e10259f1120bfca7399635708fed3a2363a346ca5e5c9079a8cf20bf.json","","","","3","Registered and discoverable, but never bound to a runtime: the card serves, yet exposes no executable endpoint and no skills. One deploy away from being hireable."
"MEDIUM","unclassified","quantum-cxjzg.agent","306104","56:0x8004a169fb4a3325136eb29fa0ceb6d2e539a432:306104","0x6f5976aace36b6802334e821b93b646d87f54de8","0x6f5976aace36b6802334e821b93b646d87f54de8","A2A","https://platform-backend.prod.termix.live/api/v1/a2a/agents/306104/card","unbound","335","unbound","","https://termix-platform-prod.s3.ap-southeast-1.amazonaws.com/platform/agents/dee00ad6e2a8aacb1abf2bd27639739a9c2253c06c15f64eb0fbf6a8f8f3be99.json","","","","3","Registered and discoverable, but never bound to a runtime: the card serves, yet exposes no executable endpoint and no skills. One deploy away from being hireable."
"LOW","unclassified","updown.agent","329555","56:0x8004a169fb4a3325136eb29fa0ceb6d2e539a432:329555","0x183ae7eb6d266efea26536a352fd020203e182cc","0x183ae7eb6d266efea26536a352fd020203e182cc","A2A","https://platform-backend.prod.termix.live/api/v1/a2a/agents/329555/card","dead","8001","timeout","","https://termix-platform-prod.s3.ap-southeast-1.amazonaws.com/platform/agents/8a621b539795fe7bcba9f747f44fbab6e9d3e3a9c7bc8b5b69b969ba357fb221.json","","","","3","Declared endpoint does not respond (timeout). Either the host is gone or the URL in their registry metadata is stale — worth telling them, since it is invisible from their side."
"MEDIUM","unclassified","flux-ji8a1.agent","306066","56:0x8004a169fb4a3325136eb29fa0ceb6d2e539a432:306066","0xe8ac560807533846e28234b91910521593633743","0xe8ac560807533846e28234b91910521593633743","A2A","https://platform-backend.prod.termix.live/api/v1/a2a/agents/306066/card","unbound","344","unbound","","https://termix-platform-prod.s3.ap-southeast-1.amazonaws.com/platform/agents/bd72c9c04f351afd5925f72a69f94c05971fc7dea0410caedbee4efe032ce3ea.json","","","","3","Registered and discoverable, but never bound to a runtime: the card serves, yet exposes no executable endpoint and no skills. One deploy away from being hireable."
"MEDIUM","unclassified","Ibra1235.agent","306128","56:0x8004a169fb4a3325136eb29fa0ceb6d2e539a432:306128","0xce2b4a0b66fd312068ca266c3ef87a6ca2d974a9","0xce2b4a0b66fd312068ca266c3ef87a6ca2d974a9","A2A","https://platform-backend.prod.termix.live/api/v1/a2a/agents/306128/card","unbound","348","unbound","","https://termix-platform-prod.s3.ap-southeast-1.amazonaws.com/platform/agents/f8827283401ee3c94b231efb0edbc83c2eae6fccc05f8abc904b1a8003f1fa0f.json","","","","3","Registered and discoverable, but never bound to a runtime: the card serves, yet exposes no executable endpoint and no skills. One deploy away from being hireable."
"MEDIUM","unclassified","TerrGor.agent","329697","56:0x8004a169fb4a3325136eb29fa0ceb6d2e539a432:329697","0x0344ca78956e38541cd3ecf9620356a7fbdeff62","0x0344ca78956e38541cd3ecf9620356a7fbdeff62","A2A","https://platform-backend.prod.termix.live/api/v1/a2a/agents/329697/card","unbound","342","unbound","","https://termix-platform-prod.s3.ap-southeast-1.amazonaws.com/platform/agents/e5f91c9e18561de0a37ae9ef726dade1aabafb0cf66a33cab448e38d6626dee4.json","","","","3","Registered and discoverable, but never bound to a runtime: the card serves, yet exposes no executable endpoint and no skills. One deploy away from being hireable."
"MEDIUM","unclassified","jhjhl.agent","329474","56:0x8004a169fb4a3325136eb29fa0ceb6d2e539a432:329474","0xce9021625af5830602c95ca2bb82e851108de17d","0xce9021625af5830602c95ca2bb82e851108de17d","A2A","https://platform-backend.prod.termix.live/api/v1/a2a/agents/329474/card","unbound","341","unbound","","https://termix-platform-prod.s3.ap-southeast-1.amazonaws.com/platform/agents/55629e58f3b130d7e8738ad881d3f754cd9da51e5e4910d94b3761afdeb282d8.json","","","","3","Registered and discoverable, but never bound to a runtime: the card serves, yet exposes no executable endpoint and no skills. One deploy away from being hireable."
"MEDIUM","unclassified","plgcrq.agent","311168","56:0x8004a169fb4a3325136eb29fa0ceb6d2e539a432:311168","0xafab25f37cc241caac8c1a95927cbbfd2e0d3150","0xafab25f37cc241caac8c1a95927cbbfd2e0d3150","A2A","https://platform-backend.prod.termix.live/api/v1/a2a/agents/311168/card","unbound","340","unbound","","https://termix-platform-prod.s3.ap-southeast-1.amazonaws.com/platform/agents/14ceab44c63b5bfe6078777daafd9ee28ee71f12a3e340838e92e51032ff67ff.json","","","","2","Registered and discoverable, but never bound to a runtime: the card serves, yet exposes no executable endpoint and no skills. One deploy away from being hireable."
"MEDIUM","unclassified","ruiwen2.agent","330841","56:0x8004a169fb4a3325136eb29fa0ceb6d2e539a432:330841","0xb48c35485f254b3e30c0cd6626bbbb87f62ad87e","0xb48c35485f254b3e30c0cd6626bbbb87f62ad87e","A2A","https://platform-backend.prod.termix.live/api/v1/a2a/agents/330841/card","unbound","351","unbound","","https://termix-platform-prod.s3.ap-southeast-1.amazonaws.com/platform/agents/8449dc822752aece75d1808b4595bda03f8cd35f534889adfc667e6e54563d01.json","","","","2","Registered and discoverable, but never bound to a runtime: the card serves, yet exposes no executable endpoint and no skills. One deploy away from being hireable."
"MEDIUM","unclassified","prnyebn.agent","311157","56:0x8004a169fb4a3325136eb29fa0ceb6d2e539a432:311157","0xbfc3c454de9e81a87d3a939b23dcf1805d3c5017","0xbfc3c454de9e81a87d3a939b23dcf1805d3c5017","A2A","https://platform-backend.prod.termix.live/api/v1/a2a/agents/311157/card","unbound","338","unbound","","https://termix-platform-prod.s3.ap-southeast-1.amazonaws.com/platform/agents/45bfdc7514838cb94bffb335f2985eb853102e226bd6708d100d86afd7f1c3cd.json","","","","2","Registered and discoverable, but never bound to a runtime: the card serves, yet exposes no executable endpoint and no skills. One deploy away from being hireable."
"MEDIUM","unclassified","xjvdf.agent","311148","56:0x8004a169fb4a3325136eb29fa0ceb6d2e539a432:311148","0xafab25f37cc241caac8c1a95927cbbfd2e0d3150","0xafab25f37cc241caac8c1a95927cbbfd2e0d3150","A2A","https://platform-backend.prod.termix.live/api/v1/a2a/agents/311148/card","unbound","351","unbound","","https://termix-platform-prod.s3.ap-southeast-1.amazonaws.com/platform/agents/ce6d2739e461747e2e16a82b4e8ea247b17e5ec7299861e40aa60ba45e2ead09.json","","","","2","Registered and discoverable, but never bound to a runtime: the card serves, yet exposes no executable endpoint and no skills. One deploy away from being hireable."
"MEDIUM","unclassified","mrjycwxmpa.agent","311154","56:0x8004a169fb4a3325136eb29fa0ceb6d2e539a432:311154","0xea7228358bc0f932782394217b67dbf67438a2e0","0xea7228358bc0f932782394217b67dbf67438a2e0","A2A","https://platform-backend.prod.termix.live/api/v1/a2a/agents/311154/card","unbound","337","unbound","","https://termix-platform-prod.s3.ap-southeast-1.amazonaws.com/platform/agents/ac5a39db000a806336554ae38d600f800d2f366e762bee36bf427ad56bbacb04.json","","","","2","Registered and discoverable, but never bound to a runtime: the card serves, yet exposes no executable endpoint and no skills. One deploy away from being hireable."
"MEDIUM","unclassified","Maxdungdung.agent","330730","56:0x8004a169fb4a3325136eb29fa0ceb6d2e539a432:330730","0xfcb871f29a56e281e54ce5df6327fac312ca3280","0xfcb871f29a56e281e54ce5df6327fac312ca3280","A2A","https://platform-backend.prod.termix.live/api/v1/a2a/agents/330730/card","unbound","338","unbound","","https://termix-platform-prod.s3.ap-southeast-1.amazonaws.com/platform/agents/25e374a597351847ac51e5d3e47e901fd04873effdc29b617e44f22d8559fe35.json","","","","2","Registered and discoverable, but never bound to a runtime: the card serves, yet exposes no executable endpoint and no skills. One deploy away from being hireable."
"MEDIUM","unclassified","DIDI.agent","330696","56:0x8004a169fb4a3325136eb29fa0ceb6d2e539a432:330696","0x280ee941eb3669e291045d7f945d81e2562134d5","0x280ee941eb3669e291045d7f945d81e2562134d5","A2A","https://platform-backend.prod.termix.live/api/v1/a2a/agents/330696/card","unbound","350","unbound","","https://termix-platform-prod.s3.ap-southeast-1.amazonaws.com/platform/agents/0921d7839d289c179ffbf1c756c1b1889318d94bc035d2e415a751982db6b3ed.json","","","","2","Registered and discoverable, but never bound to a runtime: the card serves, yet exposes no executable endpoint and no skills. One deploy away from being hireable."
"MEDIUM","unclassified","Tdvjyd.agent","330698","56:0x8004a169fb4a3325136eb29fa0ceb6d2e539a432:330698","0xd8cd7f0391b1cefa5b33e26e89bdb5f2070b788e","0xd8cd7f0391b1cefa5b33e26e89bdb5f2070b788e","A2A","https://platform-backend.prod.termix.live/api/v1/a2a/agents/330698/card","unbound","360","unbound","","https://termix-platform-prod.s3.ap-southeast-1.amazonaws.com/platform/agents/076dac304101061b2146c122f70972fa79f1be9834ec23d8a62df6e44f86cb80.json","","","","2","Registered and discoverable, but never bound to a runtime: the card serves, yet exposes no executable endpoint and no skills. One deploy away from being hireable."
"MEDIUM","unclassified","VySGJh.agent","330688","56:0x8004a169fb4a3325136eb29fa0ceb6d2e539a432:330688","0x600daedbe0409b7659a4990311180a555e5a6f11","0x600daedbe0409b7659a4990311180a555e5a6f11","A2A","https://platform-backend.prod.termix.live/api/v1/a2a/agents/330688/card","unbound","339","unbound","","https://termix-platform-prod.s3.ap-southeast-1.amazonaws.com/platform/agents/238f3734772dac9de5dbcee1c20e65affb4dbf0737a79c0df0be3ee24b279e50.json","","","","2","Registered and discoverable, but never bound to a runtime: the card serves, yet exposes no executable endpoint and no skills. One deploy away from being hireable."
"MEDIUM","unclassified","jawen2.agent","330687","56:0x8004a169fb4a3325136eb29fa0ceb6d2e539a432:330687","0xfbfdb022901fde403bb7b160ebbefc3c7f9242c8","0xfbfdb022901fde403bb7b160ebbefc3c7f9242c8","A2A","https://platform-backend.prod.termix.live/api/v1/a2a/agents/330687/card","unbound","335","unbound","","https://termix-platform-prod.s3.ap-southeast-1.amazonaws.com/platform/agents/36c03c9df88fcec929e5dd7fa6b2b14bb8878aa2609bc5ed55c4ea7e7fbed0f2.json","","","","2","Registered and discoverable, but never bound to a runtime: the card serves, yet exposes no executable endpoint and no skills. One deploy away from being hireable."
"MEDIUM","unclassified","akarli2.agent","330677","56:0x8004a169fb4a3325136eb29fa0ceb6d2e539a432:330677","0xeb16728f545bb3837ee499bfdca2e2e3fcc86413","0xeb16728f545bb3837ee499bfdca2e2e3fcc86413","A2A","https://platform-backend.prod.termix.live/api/v1/a2a/agents/330677/card","unbound","346","unbound","","https://termix-platform-prod.s3.ap-southeast-1.amazonaws.com/platform/agents/52564ce83af7ea13a7d5e6fcb00947d3d4999848d1e9c470db5e1c24c98f3cf5.json","","","","2","Registered and discoverable, but never bound to a runtime: the card serves, yet exposes no executable endpoint and no skills. One deploy away from being hireable."
"MEDIUM","security","yPMVIaOa.agent","330676","56:0x8004a169fb4a3325136eb29fa0ceb6d2e539a432:330676","0x2e85b02fc1d4b88690fb1038110591c81d9247a9","0x2e85b02fc1d4b88690fb1038110591c81d9247a9","A2A","https://platform-backend.prod.termix.live/api/v1/a2a/agents/330676/card","unbound","339","unbound","","https://termix-platform-prod.s3.ap-southeast-1.amazonaws.com/platform/agents/3b3278222582720a59a7c32e92ebd77b3c8557c0ccfb89df215f16bfe46d64b4.json","","","","2","Registered and discoverable, but never bound to a runtime: the card serves, yet exposes no executable endpoint and no skills. One deploy away from being hireable."
"MEDIUM","unclassified","wanyu2.agent","330675","56:0x8004a169fb4a3325136eb29fa0ceb6d2e539a432:330675","0x9cb3991b64b29f000743a44e65a3b788ef1233c6","0x9cb3991b64b29f000743a44e65a3b788ef1233c6","A2A","https://platform-backend.prod.termix.live/api/v1/a2a/agents/330675/card","unbound","334","unbound","","https://termix-platform-prod.s3.ap-southeast-1.amazonaws.com/platform/agents/c6efb995a980d1184bf61e6f21508e25634c315a30e94a5ed412c8a182c03d41.json","","","","2","Registered and discoverable, but never bound to a runtime: the card serves, yet exposes no executable endpoint and no skills. One deploy away from being hireable."
"MEDIUM","unclassified","lBWFLtpvP.agent","330517","56:0x8004a169fb4a3325136eb29fa0ceb6d2e539a432:330517","0xe68717e6d4e1331d14b22a8910ee3d0751da860e","0xe68717e6d4e1331d14b22a8910ee3d0751da860e","A2A","https://platform-backend.prod.termix.live/api/v1/a2a/agents/330517/card","unbound","390","unbound","","https://termix-platform-prod.s3.ap-southeast-1.amazonaws.com/platform/agents/bb06d1bd423e4dd087ad1e54a3a6c5b6b9632b977f9d0b7f71e9d3b1cd7b456d.json","","","","2","Registered and discoverable, but never bound to a runtime: the card serves, yet exposes no executable endpoint and no skills. One deploy away from being hireable."
"MEDIUM","unclassified","daoner.agent","330673","56:0x8004a169fb4a3325136eb29fa0ceb6d2e539a432:330673","0x42f15099e05a2aa13b482a8344b9388aa8dfe9c0","0x42f15099e05a2aa13b482a8344b9388aa8dfe9c0","A2A","https://platform-backend.prod.termix.live/api/v1/a2a/agents/330673/card","unbound","353","unbound","","https://termix-platform-prod.s3.ap-southeast-1.amazonaws.com/platform/agents/66e512e9324a97cf33334930591e73d3f056b6ebf03fa1d44ddd4fecc5e08d29.json","","","","2","Registered and discoverable, but never bound to a runtime: the card serves, yet exposes no executable endpoint and no skills. One deploy away from being hireable."
"MEDIUM","unclassified","parteek.agent","330664","56:0x8004a169fb4a3325136eb29fa0ceb6d2e539a432:330664","0xb370a2b7b8aed5dcd6bb25f3cfc8f3e9581ba595","0xb370a2b7b8aed5dcd6bb25f3cfc8f3e9581ba595","A2A","https://platform-backend.prod.termix.live/api/v1/a2a/agents/330664/card","unbound","339","unbound","","https://termix-platform-prod.s3.ap-southeast-1.amazonaws.com/platform/agents/69546ed4580e233cd15b9ca861314e3ef947375e5930a7117e20d55d0914ccae.json","","","","2","Registered and discoverable, but never bound to a runtime: the card serves, yet exposes no executable endpoint and no skills. One deploy away from being hireable."
"MEDIUM","unclassified","puigfyraw.agent","311169","56:0x8004a169fb4a3325136eb29fa0ceb6d2e539a432:311169","0x99f2ae1e068d7b7fa977ff23ff86f1cb56f37c0e","0x99f2ae1e068d7b7fa977ff23ff86f1cb56f37c0e","A2A","https://platform-backend.prod.termix.live/api/v1/a2a/agents/311169/card","unbound","336","unbound","","https://termix-platform-prod.s3.ap-southeast-1.amazonaws.com/platform/agents/08300216719ff2a252281def52d69e52cfa68d76cc699c5e2a3897f039a50010.json","","","","2","Registered and discoverable, but never bound to a runtime: the card serves, yet exposes no executable endpoint and no skills. One deploy away from being hireable."
"MEDIUM","unclassified","qawnpjheib.agent","311165","56:0x8004a169fb4a3325136eb29fa0ceb6d2e539a432:311165","0xea7228358bc0f932782394217b67dbf67438a2e0","0xea7228358bc0f932782394217b67dbf67438a2e0","A2A","https://platform-backend.prod.termix.live/api/v1/a2a/agents/311165/card","unbound","339","unbound","","https://termix-platform-prod.s3.ap-southeast-1.amazonaws.com/platform/agents/0f16809f45e48e353a72864051f13dc858735e6720a8bd40ee83c2246f694111.json","","","","2","Registered and discoverable, but never bound to a runtime: the card serves, yet exposes no executable endpoint and no skills. One deploy away from being hireable."
"MEDIUM","unclassified","fkgelo.agent","311151","56:0x8004a169fb4a3325136eb29fa0ceb6d2e539a432:311151","0x7af7438817ff93479efab5ba19242d3aba7f98da","0x7af7438817ff93479efab5ba19242d3aba7f98da","A2A","https://platform-backend.prod.termix.live/api/v1/a2a/agents/311151/card","unbound","349","unbound","","https://termix-platform-prod.s3.ap-southeast-1.amazonaws.com/platform/agents/224cc43f919077091dddf5e3228373690a1dee2d2eb34dfec2f8671c5862e3b9.json","","","","2","Registered and discoverable, but never bound to a runtime: the card serves, yet exposes no executable endpoint and no skills. One deploy away from being hireable."
"MEDIUM","unclassified","hoqkwhbjgj.agent","311162","56:0x8004a169fb4a3325136eb29fa0ceb6d2e539a432:311162","0x7ecc757ef2c3bd8755433193b3bd51f0d30de67c","0x7ecc757ef2c3bd8755433193b3bd51f0d30de67c","A2A","https://platform-backend.prod.termix.live/api/v1/a2a/agents/311162/card","unbound","335","unbound","","https://termix-platform-prod.s3.ap-southeast-1.amazonaws.com/platform/agents/0e8561f9572ac5f90e13b454d93f6ad8f92cc2d6c2fe119c4cc2f4122ee08f86.json","","","","2","Registered and discoverable, but never bound to a runtime: the card serves, yet exposes no executable endpoint and no skills. One deploy away from being hireable."
"MEDIUM","unclassified","mwxtgcp.agent","311152","56:0x8004a169fb4a3325136eb29fa0ceb6d2e539a432:311152","0xc266633d612efa2e005208ffaea93fcaec903573","0xc266633d612efa2e005208ffaea93fcaec903573","A2A","https://platform-backend.prod.termix.live/api/v1/a2a/agents/311152/card","unbound","332","unbound","","https://termix-platform-prod.s3.ap-southeast-1.amazonaws.com/platform/agents/27fa9675e69585de025f5ac653dc984b018e04a46738bc67affce332946e71b7.json","","","","2","Registered and discoverable, but never bound to a runtime: the card serves, yet exposes no executable endpoint and no skills. One deploy away from being hireable."
"MEDIUM","unclassified","cypwp.agent","311153","56:0x8004a169fb4a3325136eb29fa0ceb6d2e539a432:311153","0x7ecc757ef2c3bd8755433193b3bd51f0d30de67c","0x7ecc757ef2c3bd8755433193b3bd51f0d30de67c","A2A","https://platform-backend.prod.termix.live/api/v1/a2a/agents/311153/card","unbound","338","unbound","","https://termix-platform-prod.s3.ap-southeast-1.amazonaws.com/platform/agents/1851ffd9c59a8f040dcee1eeb2a89bb5bf2136c66ad9865da531ef2bf0693819.json","","","","2","Registered and discoverable, but never bound to a runtime: the card serves, yet exposes no executable endpoint and no skills. One deploy away from being hireable."
"MEDIUM","unclassified","ucRBL.agent","330788","56:0x8004a169fb4a3325136eb29fa0ceb6d2e539a432:330788","0x54c685e9069c959ad848cba87825fbb149d2a9c7","0x54c685e9069c959ad848cba87825fbb149d2a9c7","A2A","https://platform-backend.prod.termix.live/api/v1/a2a/agents/330788/card","unbound","350","unbound","","https://termix-platform-prod.s3.ap-southeast-1.amazonaws.com/platform/agents/1ac9518646f7d8fd9c89a760390c5ef508f5419b5f877c9e9cb38d308f0b2927.json","","","","2","Registered and discoverable, but never bound to a runtime: the card serves, yet exposes no executable endpoint and no skills. One deploy away from being hireable."
"MEDIUM","unclassified","mhVhT.agent","330706","56:0x8004a169fb4a3325136eb29fa0ceb6d2e539a432:330706","0xa2d2a8e1d5093f9cdc34182f11cf63e19a9d75a7","0xa2d2a8e1d5093f9cdc34182f11cf63e19a9d75a7","A2A","https://platform-backend.prod.termix.live/api/v1/a2a/agents/330706/card","unbound","337","unbound","","https://termix-platform-prod.s3.ap-southeast-1.amazonaws.com/platform/agents/fe817779f7102a08882867a25cd8d4e3cb42626424677900ada502d7825cffeb.json","","","","2","Registered and discoverable, but never bound to a runtime: the card serves, yet exposes no executable endpoint and no skills. One deploy away from being hireable."
"MEDIUM","unclassified","GoldDingway.agent","330694","56:0x8004a169fb4a3325136eb29fa0ceb6d2e539a432:330694","0xb8a17160f654c5f73d797265ad0c8d7797b303dc","0xb8a17160f654c5f73d797265ad0c8d7797b303dc","A2A","https://platform-backend.prod.termix.live/api/v1/a2a/agents/330694/card","unbound","356","unbound","","https://termix-platform-prod.s3.ap-southeast-1.amazonaws.com/platform/agents/30a1c051cb57762b46e972a559fac0cf6232561f5055384814c09326ddf98ba8.json","","","","2","Registered and discoverable, but never bound to a runtime: the card serves, yet exposes no executable endpoint and no skills. One deploy away from being hireable."
"MEDIUM","unclassified","CHAMSAE.agent","330684","56:0x8004a169fb4a3325136eb29fa0ceb6d2e539a432:330684","0x280ee941eb3669e291045d7f945d81e2562134d5","0x280ee941eb3669e291045d7f945d81e2562134d5","A2A","https://platform-backend.prod.termix.live/api/v1/a2a/agents/330684/card","unbound","343","unbound","","https://termix-platform-prod.s3.ap-southeast-1.amazonaws.com/platform/agents/f6faf29546cf27d7f1203e1f49240c563d5dde81cd90e14adead331b29905832.json","","","","2","Registered and discoverable, but never bound to a runtime: the card serves, yet exposes no executable endpoint and no skills. One deploy away from being hireable."
"MEDIUM","unclassified","Maxdungdung21.agent","330739","56:0x8004a169fb4a3325136eb29fa0ceb6d2e539a432:330739","0xfcb871f29a56e281e54ce5df6327fac312ca3280","0xfcb871f29a56e281e54ce5df6327fac312ca3280","A2A","https://platform-backend.prod.termix.live/api/v1/a2a/agents/330739/card","unbound","340","unbound","","https://termix-platform-prod.s3.ap-southeast-1.amazonaws.com/platform/agents/06afeefa7129f32103f42352793bfb732c96ec0f07cacc738678c4d1e3545adf.json","","","","2","Registered and discoverable, but never bound to a runtime: the card serves, yet exposes no executable endpoint and no skills. One deploy away from being hireable."
"MEDIUM","unclassified","WorkDingway.agent","330735","56:0x8004a169fb4a3325136eb29fa0ceb6d2e539a432:330735","0xb8a17160f654c5f73d797265ad0c8d7797b303dc","0xb8a17160f654c5f73d797265ad0c8d7797b303dc","A2A","https://platform-backend.prod.termix.live/api/v1/a2a/agents/330735/card","unbound","344","unbound","","https://termix-platform-prod.s3.ap-southeast-1.amazonaws.com/platform/agents/be0aaa9d275e35b4ed32298d57ee8458aaf992477387946b4c8d81240a4f036e.json","","","","2","Registered and discoverable, but never bound to a runtime: the card serves, yet exposes no executable endpoint and no skills. One deploy away from being hireable."
"MEDIUM","unclassified","hUnCeXkBX.agent","330728","56:0x8004a169fb4a3325136eb29fa0ceb6d2e539a432:330728","0x9b29d0fdaf0b41023952c1a62971b864aaa78a54","0x9b29d0fdaf0b41023952c1a62971b864aaa78a54","A2A","https://platform-backend.prod.termix.live/api/v1/a2a/agents/330728/card","unbound","352","unbound","","https://termix-platform-prod.s3.ap-southeast-1.amazonaws.com/platform/agents/4886648259197afdbd7233671592770a0b8d8050339fad991bac87c95661bff0.json","","","","2","Registered and discoverable, but never bound to a runtime: the card serves, yet exposes no executable endpoint and no skills. One deploy away from being hireable."
"MEDIUM","unclassified","fd489.agent","330719","56:0x8004a169fb4a3325136eb29fa0ceb6d2e539a432:330719","0x534b4118c6a12cf98dff6555aae94b4642a4caeb","0x534b4118c6a12cf98dff6555aae94b4642a4caeb","A2A","https://platform-backend.prod.termix.live/api/v1/a2a/agents/330719/card","unbound","344","unbound","","https://termix-platform-prod.s3.ap-southeast-1.amazonaws.com/platform/agents/c94aaed2856ef7fe4c43145c2677ff634a3667f68efd9b1705addbbb1dc3601e.json","","","","2","Registered and discoverable, but never bound to a runtime: the card serves, yet exposes no executable endpoint and no skills. One deploy away from being hireable."
"MEDIUM","unclassified","TxsMove.agent","330683","56:0x8004a169fb4a3325136eb29fa0ceb6d2e539a432:330683","0x671188ca6a6ebbed6182069529bafd60820675a4","0x671188ca6a6ebbed6182069529bafd60820675a4","A2A","https://platform-backend.prod.termix.live/api/v1/a2a/agents/330683/card","unbound","349","unbound","","https://termix-platform-prod.s3.ap-southeast-1.amazonaws.com/platform/agents/e23d23a77bcdacea38f97de3f9e5e2b9eb7d009fef790a05bf1e6f0e2fa5fd20.json","","","","2","Registered and discoverable, but never bound to a runtime: the card serves, yet exposes no executable endpoint and no skills. One deploy away from being hireable."
"MEDIUM","unclassified","daoner2.agent","330679","56:0x8004a169fb4a3325136eb29fa0ceb6d2e539a432:330679","0x42f15099e05a2aa13b482a8344b9388aa8dfe9c0","0x42f15099e05a2aa13b482a8344b9388aa8dfe9c0","A2A","https://platform-backend.prod.termix.live/api/v1/a2a/agents/330679/card","unbound","334","unbound","","https://termix-platform-prod.s3.ap-southeast-1.amazonaws.com/platform/agents/f2220689efa26e8543cc97d98ea9186bef147246443d09f539aacc5d311b3681.json","","","","2","Registered and discoverable, but never bound to a runtime: the card serves, yet exposes no executable endpoint and no skills. One deploy away from being hireable."
"MEDIUM","unclassified","stoney.agent","330672","56:0x8004a169fb4a3325136eb29fa0ceb6d2e539a432:330672","0xda67a21c0bac9c8e36265dae4a9f81a506901edc","0xda67a21c0bac9c8e36265dae4a9f81a506901edc","A2A","https://platform-backend.prod.termix.live/api/v1/a2a/agents/330672/card","unbound","336","unbound","","https://termix-platform-prod.s3.ap-southeast-1.amazonaws.com/platform/agents/1569705947323c656ad0a691100c23529b2ae614b367a96dabd73fea26a14946.json","","","","2","Registered and discoverable, but never bound to a runtime: the card serves, yet exposes no executable endpoint and no skills. One deploy away from being hireable."
"MEDIUM","unclassified","jawen.agent","330671","56:0x8004a169fb4a3325136eb29fa0ceb6d2e539a432:330671","0xfbfdb022901fde403bb7b160ebbefc3c7f9242c8","0xfbfdb022901fde403bb7b160ebbefc3c7f9242c8","A2A","https://platform-backend.prod.termix.live/api/v1/a2a/agents/330671/card","unbound","336","unbound","","https://termix-platform-prod.s3.ap-southeast-1.amazonaws.com/platform/agents/1ad706f8a5ada27db31d500c7023f1ad289c6b25f12e44fadc7249ddddc8b211.json","","","","2","Registered and discoverable, but never bound to a runtime: the card serves, yet exposes no executable endpoint and no skills. One deploy away from being hireable."
"MEDIUM","unclassified","stoney2.agent","330678","56:0x8004a169fb4a3325136eb29fa0ceb6d2e539a432:330678","0xda67a21c0bac9c8e36265dae4a9f81a506901edc","0xda67a21c0bac9c8e36265dae4a9f81a506901edc","A2A","https://platform-backend.prod.termix.live/api/v1/a2a/agents/330678/card","unbound","348","unbound","","https://termix-platform-prod.s3.ap-southeast-1.amazonaws.com/platform/agents/00cf26756c0a8a28158a63c923f5923ce36e6e430fdb22f71d62b55e539845dc.json","","","","2","Registered and discoverable, but never bound to a runtime: the card serves, yet exposes no executable endpoint and no skills. One deploy away from being hireable."
"MEDIUM","unclassified","krzEFpns.agent","330494","56:0x8004a169fb4a3325136eb29fa0ceb6d2e539a432:330494","0x8df231572de88bb0bb6dd104288b0e56359f1cd0","0x8df231572de88bb0bb6dd104288b0e56359f1cd0","A2A","https://platform-backend.prod.termix.live/api/v1/a2a/agents/330494/card","unbound","336","unbound","","https://termix-platform-prod.s3.ap-southeast-1.amazonaws.com/platform/agents/e53d39c9be13b4bbf1165dd6c3922ef62e8576aa98586f0686e79c4af638762f.json","","","","2","Registered and discoverable, but never bound to a runtime: the card serves, yet exposes no executable endpoint and no skills. One deploy away from being hireable."
"MEDIUM","unclassified","akarli.agent","330668","56:0x8004a169fb4a3325136eb29fa0ceb6d2e539a432:330668","0xeb16728f545bb3837ee499bfdca2e2e3fcc86413","0xeb16728f545bb3837ee499bfdca2e2e3fcc86413","A2A","https://platform-backend.prod.termix.live/api/v1/a2a/agents/330668/card","unbound","348","unbound","","https://termix-platform-prod.s3.ap-southeast-1.amazonaws.com/platform/agents/6d62e58e5bd3344a211b39d61a812d2bbe7dd459d48974a864b2dfccd599913a.json","","","","2","Registered and discoverable, but never bound to a runtime: the card serves, yet exposes no executable endpoint and no skills. One deploy away from being hireable."
"MEDIUM","unclassified","HdnFX.agent","330461","56:0x8004a169fb4a3325136eb29fa0ceb6d2e539a432:330461","0x74e3d43f7a46ab48f3919fc180ce828657034e0a","0x74e3d43f7a46ab48f3919fc180ce828657034e0a","A2A","https://platform-backend.prod.termix.live/api/v1/a2a/agents/330461/card","unbound","338","unbound","","https://termix-platform-prod.s3.ap-southeast-1.amazonaws.com/platform/agents/8d15acf3db8205ba0485ca1f36cff36ae67b95d7c0d9473172fba42f95d337b0.json","","","","2","Registered and discoverable, but never bound to a runtime: the card serves, yet exposes no executable endpoint and no skills. One deploy away from being hireable."
"MEDIUM","unclassified","lvsJqQiEB.agent","330425","56:0x8004a169fb4a3325136eb29fa0ceb6d2e539a432:330425","0x3f330843b1d8312eb69d31a54a60e7d76e145077","0x3f330843b1d8312eb69d31a54a60e7d76e145077","A2A","https://platform-backend.prod.termix.live/api/v1/a2a/agents/330425/card","unbound","340","unbound","","https://termix-platform-prod.s3.ap-southeast-1.amazonaws.com/platform/agents/8ad8229587c8c1e1851150645a189e589a69b6624c2c29b7eec0f9f9624b5d66.json","","","","2","Registered and discoverable, but never bound to a runtime: the card serves, yet exposes no executable endpoint and no skills. One deploy away from being hireable."
"MEDIUM","unclassified","cCOglSD.agent","330392","56:0x8004a169fb4a3325136eb29fa0ceb6d2e539a432:330392","0x3cae981637ce4e6ddfa5ac87cc0e053f2579429f","0x3cae981637ce4e6ddfa5ac87cc0e053f2579429f","A2A","https://platform-backend.prod.termix.live/api/v1/a2a/agents/330392/card","unbound","339","unbound","","https://termix-platform-prod.s3.ap-southeast-1.amazonaws.com/platform/agents/455422cfa046e199db7d96ecc592540faa24c4dc26929d9d9a269b9b2664965c.json","","","","2","Registered and discoverable, but never bound to a runtime: the card serves, yet exposes no executable endpoint and no skills. One deploy away from being hireable."
"MEDIUM","unclassified","KDeAUxLs.agent","330360","56:0x8004a169fb4a3325136eb29fa0ceb6d2e539a432:330360","0x752dcd10ef837e4dc30edde3f9b5c010a27ef4f7","0x752dcd10ef837e4dc30edde3f9b5c010a27ef4f7","A2A","https://platform-backend.prod.termix.live/api/v1/a2a/agents/330360/card","unbound","345","unbound","","https://termix-platform-prod.s3.ap-southeast-1.amazonaws.com/platform/agents/32cff2b3acfb8a5887570e55c92c39d8c436e5beeebfe70b6e9e392dfd020f55.json","","","","2","Registered and discoverable, but never bound to a runtime: the card serves, yet exposes no executable endpoint and no skills. One deploy away from being hireable."
"LOW","unclassified","shimul.agent","329582","56:0x8004a169fb4a3325136eb29fa0ceb6d2e539a432:329582","0x7bc4dc490903e046aec4303f03599dd6fd06851a","0x7bc4dc490903e046aec4303f03599dd6fd06851a","A2A","https://platform-backend.prod.termix.live/api/v1/a2a/agents/329582/card","dead","8002","timeout","","https://termix-platform-prod.s3.ap-southeast-1.amazonaws.com/platform/agents/92f0ec4e8d7a079af7f63940c3b5c90e079bf6652707a818842f2b543c6be135.json","","","","2","Declared endpoint does not respond (timeout). Either the host is gone or the URL in their registry metadata is stale — worth telling them, since it is invisible from their side."
"LOW","unclassified","wowboy.agent","330397","56:0x8004a169fb4a3325136eb29fa0ceb6d2e539a432:330397","0x950fd814c7539684a3236e7821401e47c4aeb087","0x950fd814c7539684a3236e7821401e47c4aeb087","A2A","https://platform-backend.prod.termix.live/api/v1/a2a/agents/330397/card","dead","8000","timeout","","https://termix-platform-prod.s3.ap-southeast-1.amazonaws.com/platform/agents/1380e119e7b6ebd81f90d9774e37106f29027ad0012b28578efac13d3858edd3.json","","","","2","Declared endpoint does not respond (timeout). Either the host is gone or the URL in their registry metadata is stale — worth telling them, since it is invisible from their side."
"LOW","unclassified","uXcFjG.agent","330327","56:0x8004a169fb4a3325136eb29fa0ceb6d2e539a432:330327","0xd444c73e77473927c64b7cf7e32d6a50cf271da4","0xd444c73e77473927c64b7cf7e32d6a50cf271da4","A2A","https://platform-backend.prod.termix.live/api/v1/a2a/agents/330327/card","dead","8000","timeout","","https://termix-platform-prod.s3.ap-southeast-1.amazonaws.com/platform/agents/e07933e81f11dca191e49b2742363b611e9ff5c7233cbbcae0dd97c0db337019.json","","","","2","Declared endpoint does not respond (timeout). Either the host is gone or the URL in their registry metadata is stale — worth telling them, since it is invisible from their side."
"MEDIUM","unclassified","fHabQaa.agent","330304","56:0x8004a169fb4a3325136eb29fa0ceb6d2e539a432:330304","0x61877bccd7ffe6bffde56b37dd16795da349fa0e","0x61877bccd7ffe6bffde56b37dd16795da349fa0e","A2A","https://platform-backend.prod.termix.live/api/v1/a2a/agents/330304/card","unbound","339","unbound","","https://termix-platform-prod.s3.ap-southeast-1.amazonaws.com/platform/agents/3d62b347cfc0a2a55dd6df2cf2e0a34a307e6b9b6a6127257604df5c31398714.json","","","","2","Registered and discoverable, but never bound to a runtime: the card serves, yet exposes no executable endpoint and no skills. One deploy away from being hireable."
"MEDIUM","unclassified","Dragon.agent","330277","56:0x8004a169fb4a3325136eb29fa0ceb6d2e539a432:330277","0xc0b60a4efa58c81d3f4a60795f71eef7bb472f1e","0xc0b60a4efa58c81d3f4a60795f71eef7bb472f1e","A2A","https://platform-backend.prod.termix.live/api/v1/a2a/agents/330277/card","unbound","348","unbound","","https://termix-platform-prod.s3.ap-southeast-1.amazonaws.com/platform/agents/f567c8ad0c6609ab3a2a8073a597fd22abd315b19db67c6fe9905354e344bc96.json","","","","2","Registered and discoverable, but never bound to a runtime: the card serves, yet exposes no executable endpoint and no skills. One deploy away from being hireable."
"MEDIUM","unclassified","naim444.agent","330250","56:0x8004a169fb4a3325136eb29fa0ceb6d2e539a432:330250","0xc0b60a4efa58c81d3f4a60795f71eef7bb472f1e","0xc0b60a4efa58c81d3f4a60795f71eef7bb472f1e","A2A","https://platform-backend.prod.termix.live/api/v1/a2a/agents/330250/card","unbound","341","unbound","","https://termix-platform-prod.s3.ap-southeast-1.amazonaws.com/platform/agents/cfb139e4807ef59d62f81c2cfcdd7f6c36490849dbf49e6b5fc07320e29e8aaa.json","","","","2","Registered and discoverable, but never bound to a runtime: the card serves, yet exposes no executable endpoint and no skills. One deploy away from being hireable."
"MEDIUM","unclassified","uOQstslCK.agent","330238","56:0x8004a169fb4a3325136eb29fa0ceb6d2e539a432:330238","0x10771598603e07b2483056703338e9b2c64f7819","0x10771598603e07b2483056703338e9b2c64f7819","A2A","https://platform-backend.prod.termix.live/api/v1/a2a/agents/330238/card","unbound","338","unbound","","https://termix-platform-prod.s3.ap-southeast-1.amazonaws.com/platform/agents/320948ca29d3888df1d04aaabe69e20339a222b152f9b6b25471e5be8e54f627.json","","","","2","Registered and discoverable, but never bound to a runtime: the card serves, yet exposes no executable endpoint and no skills. One deploy away from being hireable."
"MEDIUM","unclassified","MUUmTfCjh.agent","330231","56:0x8004a169fb4a3325136eb29fa0ceb6d2e539a432:330231","0x5a52dc796aabff4b7b19b8af74773830b8e16b09","0x5a52dc796aabff4b7b19b8af74773830b8e16b09","A2A","https://platform-backend.prod.termix.live/api/v1/a2a/agents/330231/card","unbound","352","unbound","","https://termix-platform-prod.s3.ap-southeast-1.amazonaws.com/platform/agents/e5c61463677a2ed19bad2c2e6c87018db44ea79a5096993df6b927bb4d0fe5eb.json","","","","2","Registered and discoverable, but never bound to a runtime: the card serves, yet exposes no executable endpoint and no skills. One deploy away from being hireable."
"LOW","unclassified","zfQzviT.agent","330144","56:0x8004a169fb4a3325136eb29fa0ceb6d2e539a432:330144","0x88884ec173ed5164f9c5727ac335047bceec8a71","0x88884ec173ed5164f9c5727ac335047bceec8a71","A2A","https://platform-backend.prod.termix.live/api/v1/a2a/agents/330144/card","dead","8001","timeout","","https://termix-platform-prod.s3.ap-southeast-1.amazonaws.com/platform/agents/54965cad3635df54174cdcb727cb5ebcdcf61796f7ec2cd7e2b5fb38dc8dfb71.json","","","","2","Declared endpoint does not respond (timeout). Either the host is gone or the URL in their registry metadata is stale — worth telling them, since it is invisible from their side."
"MEDIUM","unclassified","apSOJdE.agent","330201","56:0x8004a169fb4a3325136eb29fa0ceb6d2e539a432:330201","0xf1d603db70b8a55c683a14e89093c52e072a7456","0xf1d603db70b8a55c683a14e89093c52e072a7456","A2A","https://platform-backend.prod.termix.live/api/v1/a2a/agents/330201/card","unbound","342","unbound","","https://termix-platform-prod.s3.ap-southeast-1.amazonaws.com/platform/agents/ee959e57631f799d1cb81d91bd232ae994c7f44996c03c6fc4d1c272602e602d.json","","","","2","Registered and discoverable, but never bound to a runtime: the card serves, yet exposes no executable endpoint and no skills. One deploy away from being hireable."
"MEDIUM","unclassified","Naftigh.agent","330188","56:0x8004a169fb4a3325136eb29fa0ceb6d2e539a432:330188","0xaaf9481be17ccc6c3876b2f6ae963c4f293c550a","0xaaf9481be17ccc6c3876b2f6ae963c4f293c550a","A2A","https://platform-backend.prod.termix.live/api/v1/a2a/agents/330188/card","unbound","337","unbound","","https://termix-platform-prod.s3.ap-southeast-1.amazonaws.com/platform/agents/8319d8f93df3ca29431ed919aafb92b051777ebfc308a6387b5787110ad54ec3.json","","","","2","Registered and discoverable, but never bound to a runtime: the card serves, yet exposes no executable endpoint and no skills. One deploy away from being hireable."
"MEDIUM","unclassified","yiFMeEJwN.agent","330163","56:0x8004a169fb4a3325136eb29fa0ceb6d2e539a432:330163","0x875f892f111ebfae1f0f372225ad2b3b24aa4eed","0x875f892f111ebfae1f0f372225ad2b3b24aa4eed","A2A","https://platform-backend.prod.termix.live/api/v1/a2a/agents/330163/card","unbound","1037","unbound","","https://termix-platform-prod.s3.ap-southeast-1.amazonaws.com/platform/agents/c514768c3137fde682b613e49fe2f8dd16b08da4107d3b26ce7aecb13dffc7bd.json","","","","2","Registered and discoverable, but never bound to a runtime: the card serves, yet exposes no executable endpoint and no skills. One deploy away from being hireable."
"MEDIUM","unclassified","WqkwT.agent","330181","56:0x8004a169fb4a3325136eb29fa0ceb6d2e539a432:330181","0x9c23139b511da086a3b23b53338da79cda6d5d69","0x9c23139b511da086a3b23b53338da79cda6d5d69","A2A","https://platform-backend.prod.termix.live/api/v1/a2a/agents/330181/card","unbound","352","unbound","","https://termix-platform-prod.s3.ap-southeast-1.amazonaws.com/platform/agents/df270f2a39338aec1e893b831e4b7367b45c7261c766798dec90172f0faa888e.json","","","","2","Registered and discoverable, but never bound to a runtime: the card serves, yet exposes no executable endpoint and no skills. One deploy away from being hireable."
"MEDIUM","unclassified","vRqkpxzu.agent","330093","56:0x8004a169fb4a3325136eb29fa0ceb6d2e539a432:330093","0xdebe8c1e03f3575b34ab9b1749cacde209244fc5","0xdebe8c1e03f3575b34ab9b1749cacde209244fc5","A2A","https://platform-backend.prod.termix.live/api/v1/a2a/agents/330093/card","unbound","342","unbound","","https://termix-platform-prod.s3.ap-southeast-1.amazonaws.com/platform/agents/7f55ce51d539b8b8c9415f6324082952afe7918fadd636f860174aeaa94cfbae.json","","","","2","Registered and discoverable, but never bound to a runtime: the card serves, yet exposes no executable endpoint and no skills. One deploy away from being hireable."
"LOW","unclassified","nfsfnlm.agent","330062","56:0x8004a169fb4a3325136eb29fa0ceb6d2e539a432:330062","0x785479dd8744fd67156f3f0c62d7b46d98606f76","0x785479dd8744fd67156f3f0c62d7b46d98606f76","A2A","https://platform-backend.prod.termix.live/api/v1/a2a/agents/330062/card","dead","8007","timeout","","https://termix-platform-prod.s3.ap-southeast-1.amazonaws.com/platform/agents/c7c75023964fcecbdeb6a3b4ad76253c747b38b0062442f3b669a4b69983bfb2.json","","","","2","Declared endpoint does not respond (timeout). Either the host is gone or the URL in their registry metadata is stale — worth telling them, since it is invisible from their side."
"MEDIUM","unclassified","naixii666.agent","329899","56:0x8004a169fb4a3325136eb29fa0ceb6d2e539a432:329899","0x67f254d8aa18a7618957cbb51b60a3d35d14e871","0x67f254d8aa18a7618957cbb51b60a3d35d14e871","A2A","https://platform-backend.prod.termix.live/api/v1/a2a/agents/329899/card","unbound","354","unbound","","https://termix-platform-prod.s3.ap-southeast-1.amazonaws.com/platform/agents/2fda1be7b5d39789391cd66dd0163b20758b80e903857d16acf5b090895ba4d4.json","","","","2","Registered and discoverable, but never bound to a runtime: the card serves, yet exposes no executable endpoint and no skills. One deploy away from being hireable."
"LOW","unclassified","lMxccEG.agent","330039","56:0x8004a169fb4a3325136eb29fa0ceb6d2e539a432:330039","0xe7abeb6518f093f04348b76a85245ca98392a060","0xe7abeb6518f093f04348b76a85245ca98392a060","A2A","https://platform-backend.prod.termix.live/api/v1/a2a/agents/330039/card","dead","8000","timeout","","https://termix-platform-prod.s3.ap-southeast-1.amazonaws.com/platform/agents/dfd15e0c74cac40d3f389b8df095635f4f72725b14ba03b2bfce692bf55c0702.json","","","","2","Declared endpoint does not respond (timeout). Either the host is gone or the URL in their registry metadata is stale — worth telling them, since it is invisible from their side."
"LOW","unclassified","xenopanzu.agent","329880","56:0x8004a169fb4a3325136eb29fa0ceb6d2e539a432:329880","0x07a696c39ddce3d72a07b235913300f00ebb30ec","0x07a696c39ddce3d72a07b235913300f00ebb30ec","A2A","https://platform-backend.prod.termix.live/api/v1/a2a/agents/329880/card","dead","8001","timeout","","https://termix-platform-prod.s3.ap-southeast-1.amazonaws.com/platform/agents/ff703c159ab3290f58b0223fb4bdebb3986923c8bd31e6006592678661411074.json","","","","2","Declared endpoint does not respond (timeout). Either the host is gone or the URL in their registry metadata is stale — worth telling them, since it is invisible from their side."
"MEDIUM","unclassified","vanguard-0iwgi.agent","306143","56:0x8004a169fb4a3325136eb29fa0ceb6d2e539a432:306143","0x64a366fed4e01eb217ce68f9164176285087225d","0x64a366fed4e01eb217ce68f9164176285087225d","A2A","https://platform-backend.prod.termix.live/api/v1/a2a/agents/306143/card","unbound","343","unbound","","https://termix-platform-prod.s3.ap-southeast-1.amazonaws.com/platform/agents/0d261d30e123e76e00c8cdaae909e1ca575befa9f59268732fab9bdedc856e0a.json","","","","2","Registered and discoverable, but never bound to a runtime: the card serves, yet exposes no executable endpoint and no skills. One deploy away from being hireable."
"LOW","unclassified","gKqpFD.agent","330265","56:0x8004a169fb4a3325136eb29fa0ceb6d2e539a432:330265","0x7b1c3ae10d7c9c2a731cce993fb988e71235a44c","0x7b1c3ae10d7c9c2a731cce993fb988e71235a44c","A2A","https://platform-backend.prod.termix.live/api/v1/a2a/agents/330265/card","dead","8003","timeout","","https://termix-platform-prod.s3.ap-southeast-1.amazonaws.com/platform/agents/b60814865c106b1b1d378bd9cd44c9d85e9b6d541e3911915262e8133ffe527f.json","","","","2","Declared endpoint does not respond (timeout). Either the host is gone or the URL in their registry metadata is stale — worth telling them, since it is invisible from their side."
"MEDIUM","unclassified","MJloCB.agent","329923","56:0x8004a169fb4a3325136eb29fa0ceb6d2e539a432:329923","0x3b0dd377609a685b534c417add08a132012dfcc7","0x3b0dd377609a685b534c417add08a132012dfcc7","A2A","https://platform-backend.prod.termix.live/api/v1/a2a/agents/329923/card","unbound","333","unbound","","https://termix-platform-prod.s3.ap-southeast-1.amazonaws.com/platform/agents/e3aca339a2aa0016f2ff1752d0217d3f1cef837902e291e686db6bba2167638d.json","","","","2","Registered and discoverable, but never bound to a runtime: the card serves, yet exposes no executable endpoint and no skills. One deploy away from being hireable."
"MEDIUM","unclassified","EhcBkdzr.agent","329903","56:0x8004a169fb4a3325136eb29fa0ceb6d2e539a432:329903","0xae4fe7be89954bfe776a6ee758cb148cba57c720","0xae4fe7be89954bfe776a6ee758cb148cba57c720","A2A","https://platform-backend.prod.termix.live/api/v1/a2a/agents/329903/card","unbound","346","unbound","","https://termix-platform-prod.s3.ap-southeast-1.amazonaws.com/platform/agents/468ccb4cd4cb2eae00db5b556b6247e1f2d8688b1f249866a17f71bafbae767b.json","","","","2","Registered and discoverable, but never bound to a runtime: the card serves, yet exposes no executable endpoint and no skills. One deploy away from being hireable."
"LOW","unclassified","xmas666.agent","329901","56:0x8004a169fb4a3325136eb29fa0ceb6d2e539a432:329901","0x67f254d8aa18a7618957cbb51b60a3d35d14e871","0x67f254d8aa18a7618957cbb51b60a3d35d14e871","A2A","https://platform-backend.prod.termix.live/api/v1/a2a/agents/329901/card","dead","8000","timeout","","https://termix-platform-prod.s3.ap-southeast-1.amazonaws.com/platform/agents/3dc2afd6494a24771ba649788bfb2f3292df0504843709d5bb5eed26659e754e.json","","","","2","Declared endpoint does not respond (timeout). Either the host is gone or the URL in their registry metadata is stale — worth telling them, since it is invisible from their side."
"MEDIUM","unclassified","dAvsQqA.agent","329873","56:0x8004a169fb4a3325136eb29fa0ceb6d2e539a432:329873","0x2467dfc224a92c5dd1b6cd6dd298c78129e9bb75","0x2467dfc224a92c5dd1b6cd6dd298c78129e9bb75","A2A","https://platform-backend.prod.termix.live/api/v1/a2a/agents/329873/card","unbound","341","unbound","","https://termix-platform-prod.s3.ap-southeast-1.amazonaws.com/platform/agents/6248fa88b9a608e509eb88953de8723104d895c2d32a8266026187074ce628e1.json","","","","2","Registered and discoverable, but never bound to a runtime: the card serves, yet exposes no executable endpoint and no skills. One deploy away from being hireable."
"MEDIUM","unclassified","vector-80oec.agent","306146","56:0x8004a169fb4a3325136eb29fa0ceb6d2e539a432:306146","0x037bf3d2f5f2d4b0a221fc182c5cdfef6b63f662","0x037bf3d2f5f2d4b0a221fc182c5cdfef6b63f662","A2A","https://platform-backend.prod.termix.live/api/v1/a2a/agents/306146/card","unbound","335","unbound","","https://termix-platform-prod.s3.ap-southeast-1.amazonaws.com/platform/agents/666a2686a8cae1efc0a338f708d96d06d9b3438b781ceecb5dddf8643ef08e1d.json","","","","2","Registered and discoverable, but never bound to a runtime: the card serves, yet exposes no executable endpoint and no skills. One deploy away from being hireable."
"MEDIUM","unclassified","QXPXGLoJ.agent","329998","56:0x8004a169fb4a3325136eb29fa0ceb6d2e539a432:329998","0xa7a90dfa5f1b439aeaa72f662839354e129ab4af","0xa7a90dfa5f1b439aeaa72f662839354e129ab4af","A2A","https://platform-backend.prod.termix.live/api/v1/a2a/agents/329998/card","unbound","337","unbound","","https://termix-platform-prod.s3.ap-southeast-1.amazonaws.com/platform/agents/05e6f6ca2320f13dd47d0d7e7500daf6e41010d2e515e47f169875ee04556f5f.json","","","","2","Registered and discoverable, but never bound to a runtime: the card serves, yet exposes no executable endpoint and no skills. One deploy away from being hireable."
"MEDIUM","unclassified","xenos.agent","329902","56:0x8004a169fb4a3325136eb29fa0ceb6d2e539a432:329902","0x07a696c39ddce3d72a07b235913300f00ebb30ec","0x07a696c39ddce3d72a07b235913300f00ebb30ec","A2A","https://platform-backend.prod.termix.live/api/v1/a2a/agents/329902/card","unbound","340","unbound","","https://termix-platform-prod.s3.ap-southeast-1.amazonaws.com/platform/agents/3a9f11d534825aa6deba82a212d3cad0f232e41eb974a00d3918aa8adcbc53a2.json","","","","2","Registered and discoverable, but never bound to a runtime: the card serves, yet exposes no executable endpoint and no skills. One deploy away from being hireable."
"MEDIUM","unclassified","lssYnKeNB.agent","329795","56:0x8004a169fb4a3325136eb29fa0ceb6d2e539a432:329795","0x4135cb8abae343a9d6b57a3aee677855333fa364","0x4135cb8abae343a9d6b57a3aee677855333fa364","A2A","https://platform-backend.prod.termix.live/api/v1/a2a/agents/329795/card","unbound","339","unbound","","https://termix-platform-prod.s3.ap-southeast-1.amazonaws.com/platform/agents/f35803f946e8bc5b511cc2cfb7bf67fd9731446549830ed854f6e5ca1d17433b.json","","","","2","Registered and discoverable, but never bound to a runtime: the card serves, yet exposes no executable endpoint and no skills. One deploy away from being hireable."
"MEDIUM","unclassified","qWzxxs.agent","329742","56:0x8004a169fb4a3325136eb29fa0ceb6d2e539a432:329742","0x73c4939d5105fda7d1481dcc4d9c289b1438567f","0x73c4939d5105fda7d1481dcc4d9c289b1438567f","A2A","https://platform-backend.prod.termix.live/api/v1/a2a/agents/329742/card","unbound","340","unbound","","https://termix-platform-prod.s3.ap-southeast-1.amazonaws.com/platform/agents/264be6f17b5eb3644ad8ef461d8cce7948bb6e025cfeb712b1c5511abd4e5817.json","","","","2","Registered and discoverable, but never bound to a runtime: the card serves, yet exposes no executable endpoint and no skills. One deploy away from being hireable."
"MEDIUM","unclassified","rgQKkDQ.agent","329690","56:0x8004a169fb4a3325136eb29fa0ceb6d2e539a432:329690","0xa57e14a7d3ae2e90c32535a22579b2ca8a73e27e","0xa57e14a7d3ae2e90c32535a22579b2ca8a73e27e","A2A","https://platform-backend.prod.termix.live/api/v1/a2a/agents/329690/card","unbound","352","unbound","","https://termix-platform-prod.s3.ap-southeast-1.amazonaws.com/platform/agents/5d27ccc5da625a21261131abf792c58729ee103c0e34b3fd423e324c888c7e80.json","","","","2","Registered and discoverable, but never bound to a runtime: the card serves, yet exposes no executable endpoint and no skills. One deploy away from being hireable."
"MEDIUM","unclassified","wIxktMf.agent","329663","56:0x8004a169fb4a3325136eb29fa0ceb6d2e539a432:329663","0x460f06e8a2ced83a5eefb6e1544ae16cf9b537bf","0x460f06e8a2ced83a5eefb6e1544ae16cf9b537bf","A2A","https://platform-backend.prod.termix.live/api/v1/a2a/agents/329663/card","unbound","347","unbound","","https://termix-platform-prod.s3.ap-southeast-1.amazonaws.com/platform/agents/5fc281e7e4e71cd387c9a0e8c832bcddf976342f61f83abf8d3592b8f096597b.json","","","","2","Registered and discoverable, but never bound to a runtime: the card serves, yet exposes no executable endpoint and no skills. One deploy away from being hireable."
"MEDIUM","unclassified","rlFRrcul.agent","329516","56:0x8004a169fb4a3325136eb29fa0ceb6d2e539a432:329516","0xac8cfdb0a440e7d97a372faf9189cd183abc0424","0xac8cfdb0a440e7d97a372faf9189cd183abc0424","A2A","https://platform-backend.prod.termix.live/api/v1/a2a/agents/329516/card","unbound","337","unbound","","https://termix-platform-prod.s3.ap-southeast-1.amazonaws.com/platform/agents/483cf526f5f2abb3eb8a855ab2150fa27df1af2e840811b56cb2b67df581d736.json","","","","2","Registered and discoverable, but never bound to a runtime: the card serves, yet exposes no executable endpoint and no skills. One deploy away from being hireable."
"LOW","unclassified","zEYZky.agent","329592","56:0x8004a169fb4a3325136eb29fa0ceb6d2e539a432:329592","0xd96be9bd7c63b228bc1f9ba0fa1dcc90f22a0c87","0xd96be9bd7c63b228bc1f9ba0fa1dcc90f22a0c87","A2A","https://platform-backend.prod.termix.live/api/v1/a2a/agents/329592/card","dead","8010","timeout","","https://termix-platform-prod.s3.ap-southeast-1.amazonaws.com/platform/agents/b3cd1bdd7fadb62977d33d294e97ef93b37d0a795cf2a000fee54228d77c8dc7.json","","","","2","Declared endpoint does not respond (timeout). Either the host is gone or the URL in their registry metadata is stale — worth telling them, since it is invisible from their side."
"MEDIUM","unclassified","jsHTXeG.agent","329829","56:0x8004a169fb4a3325136eb29fa0ceb6d2e539a432:329829","0xbec552b5d7320bfaf1942bd543504712bc9e28b6","0xbec552b5d7320bfaf1942bd543504712bc9e28b6","A2A","https://platform-backend.prod.termix.live/api/v1/a2a/agents/329829/card","unbound","341","unbound","","https://termix-platform-prod.s3.ap-southeast-1.amazonaws.com/platform/agents/a826990a589d997cc8106e726f7221f4ef6bf46321057140b7dc3295e1ba4687.json","","","","2","Registered and discoverable, but never bound to a runtime: the card serves, yet exposes no executable endpoint and no skills. One deploy away from being hireable."
"LOW","unclassified","LCxRBWuUo.agent","329620","56:0x8004a169fb4a3325136eb29fa0ceb6d2e539a432:329620","0x3ca834e0a6f987848a16b208dd3593ec51e1c344","0x3ca834e0a6f987848a16b208dd3593ec51e1c344","A2A","https://platform-backend.prod.termix.live/api/v1/a2a/agents/329620/card","dead","8003","timeout","","https://termix-platform-prod.s3.ap-southeast-1.amazonaws.com/platform/agents/be377690931a8ac5894f0bef4f736ed061ba1847ad9fbb1c341a7ea202424de9.json","","","","2","Declared endpoint does not respond (timeout). Either the host is gone or the URL in their registry metadata is stale — worth telling them, since it is invisible from their side."
"MEDIUM","unclassified","cuyTrizgx.agent","329576","56:0x8004a169fb4a3325136eb29fa0ceb6d2e539a432:329576","0xc761042e3aae0d9457b9c7ee27c35bce45308e6c","0xc761042e3aae0d9457b9c7ee27c35bce45308e6c","A2A","https://platform-backend.prod.termix.live/api/v1/a2a/agents/329576/card","unbound","352","unbound","","https://termix-platform-prod.s3.ap-southeast-1.amazonaws.com/platform/agents/bc350e05c589284b9da5a50258ac8a765be720359a4820892961300b43099c81.json","","","","2","Registered and discoverable, but never bound to a runtime: the card serves, yet exposes no executable endpoint and no skills. One deploy away from being hireable."
"MEDIUM","unclassified","GKiEVB.agent","329773","56:0x8004a169fb4a3325136eb29fa0ceb6d2e539a432:329773","0xb0a79d257e77725117af004ac50f41a4b24436b0","0xb0a79d257e77725117af004ac50f41a4b24436b0","A2A","https://platform-backend.prod.termix.live/api/v1/a2a/agents/329773/card","unbound","339","unbound","","https://termix-platform-prod.s3.ap-southeast-1.amazonaws.com/platform/agents/09fdcc4bb690efca857e082809b50798257f0d3794ab68b83a6b54aac00a0ad4.json","","","","2","Registered and discoverable, but never bound to a runtime: the card serves, yet exposes no executable endpoint and no skills. One deploy away from being hireable."
"MEDIUM","unclassified","uZvGYHCBj.agent","329696","56:0x8004a169fb4a3325136eb29fa0ceb6d2e539a432:329696","0xf6d6926a46b40ef21c17191ad55fe28bfe7f5469","0xf6d6926a46b40ef21c17191ad55fe28bfe7f5469","A2A","https://platform-backend.prod.termix.live/api/v1/a2a/agents/329696/card","unbound","340","unbound","","https://termix-platform-prod.s3.ap-southeast-1.amazonaws.com/platform/agents/1687b8a030c4fb817deeaf7922a954ba7f20482b5bc73e97095a4151fc28911f.json","","","","2","Registered and discoverable, but never bound to a runtime: the card serves, yet exposes no executable endpoint and no skills. One deploy away from being hireable."
"MEDIUM","unclassified","vnEclIay.agent","329480","56:0x8004a169fb4a3325136eb29fa0ceb6d2e539a432:329480","0xe69be673bda24f6ebb88cc42214bf762f47af7c0","0xe69be673bda24f6ebb88cc42214bf762f47af7c0","A2A","https://platform-backend.prod.termix.live/api/v1/a2a/agents/329480/card","unbound","353","unbound","","https://termix-platform-prod.s3.ap-southeast-1.amazonaws.com/platform/agents/cb3f4d1583e7aabf63126138886e31bd1105320187b7fa6aa8e229ffc251f4cb.json","","","","2","Registered and discoverable, but never bound to a runtime: the card serves, yet exposes no executable endpoint and no skills. One deploy away from being hireable."
"MEDIUM","unclassified","TMIxWhu.agent","329417","56:0x8004a169fb4a3325136eb29fa0ceb6d2e539a432:329417","0x37ccf56df24a71907192852bd694e6bf73b3beb1","0x37ccf56df24a71907192852bd694e6bf73b3beb1","A2A","https://platform-backend.prod.termix.live/api/v1/a2a/agents/329417/card","unbound","338","unbound","","https://termix-platform-prod.s3.ap-southeast-1.amazonaws.com/platform/agents/ad03c9c58f8583f8f5177017dae813508314cec51eed09fae0a73ba3c95f0bdb.json","","","","2","Registered and discoverable, but never bound to a runtime: the card serves, yet exposes no executable endpoint and no skills. One deploy away from being hireable."
"MEDIUM","unclassified","oWLFAKEv.agent","329564","56:0x8004a169fb4a3325136eb29fa0ceb6d2e539a432:329564","0x865710d087a3b4f27dd29663a9f37219e0401b6d","0x865710d087a3b4f27dd29663a9f37219e0401b6d","A2A","https://platform-backend.prod.termix.live/api/v1/a2a/agents/329564/card","unbound","334","unbound","","https://termix-platform-prod.s3.ap-southeast-1.amazonaws.com/platform/agents/e59ca9c2f003adece1cbf0be0a6c081836de6b673a2ddd5b5f84d2175deb0ff7.json","","","","2","Registered and discoverable, but never bound to a runtime: the card serves, yet exposes no executable endpoint and no skills. One deploy away from being hireable."
"MEDIUM","unclassified","OKLPq.agent","329548","56:0x8004a169fb4a3325136eb29fa0ceb6d2e539a432:329548","0xf5ce094d73e4b7e11be780f2d23be854ac5e684c","0xf5ce094d73e4b7e11be780f2d23be854ac5e684c","A2A","https://platform-backend.prod.termix.live/api/v1/a2a/agents/329548/card","unbound","348","unbound","","https://termix-platform-prod.s3.ap-southeast-1.amazonaws.com/platform/agents/19de8c37d17f58638c5b66667f094e62e881f183ad7766d8c7a27598ee5f2670.json","","","","2","Registered and discoverable, but never bound to a runtime: the card serves, yet exposes no executable endpoint and no skills. One deploy away from being hireable."
"MEDIUM","unclassified","br888.agent","328210","56:0x8004a169fb4a3325136eb29fa0ceb6d2e539a432:328210","0x37a9b1054b64dae08161df11a9a5a8be28551cb5","0x37a9b1054b64dae08161df11a9a5a8be28551cb5","A2A","https://platform-backend.prod.termix.live/api/v1/a2a/agents/328210/card","unbound","358","unbound","","https://termix-platform-prod.s3.ap-southeast-1.amazonaws.com/platform/agents/f831fcd9687192858758697822367158f76f18593c0ab7aed87b930393ae41a3.json","","","","2","Registered and discoverable, but never bound to a runtime: the card serves, yet exposes no executable endpoint and no skills. One deploy away from being hireable."
"MEDIUM","unclassified","arwooeyx.agent","329396","56:0x8004a169fb4a3325136eb29fa0ceb6d2e539a432:329396","0x98ed0df981cbca3f3a0ca673b5ccff54cbda01af","0x98ed0df981cbca3f3a0ca673b5ccff54cbda01af","A2A","https://platform-backend.prod.termix.live/api/v1/a2a/agents/329396/card","unbound","355","unbound","","https://termix-platform-prod.s3.ap-southeast-1.amazonaws.com/platform/agents/14d32e3a3a9b739486199fb0f00ee61718954f8e8607f47b25252d0a80cad354.json","","","","2","Registered and discoverable, but never bound to a runtime: the card serves, yet exposes no executable endpoint and no skills. One deploy away from being hireable."
"MEDIUM","unclassified","ghbn.agent","328372","56:0x8004a169fb4a3325136eb29fa0ceb6d2e539a432:328372","0x4e5e1c2087487bb8ef1540169e9a302700f0e2bd","0x4e5e1c2087487bb8ef1540169e9a302700f0e2bd","A2A","https://platform-backend.prod.termix.live/api/v1/a2a/agents/328372/card","unbound","347","unbound","","https://termix-platform-prod.s3.ap-southeast-1.amazonaws.com/platform/agents/58ecb916a7b8c7a040a6798245a18499d9786f9ee83921270aee50d872982c80.json","","","","2","Registered and discoverable, but never bound to a runtime: the card serves, yet exposes no executable endpoint and no skills. One deploy away from being hireable."
"MEDIUM","unclassified","jFVFTyJ.agent","329841","56:0x8004a169fb4a3325136eb29fa0ceb6d2e539a432:329841","0x0e39aa09b7dbf44af86dc5f2e1a36d561fd67799","0x0e39aa09b7dbf44af86dc5f2e1a36d561fd67799","A2A","https://platform-backend.prod.termix.live/api/v1/a2a/agents/329841/card","unbound","339","unbound","","https://termix-platform-prod.s3.ap-southeast-1.amazonaws.com/platform/agents/fe1337f1580acb6b745d4e2e89d0035322b95dfda5b803cd1a2ac9cbbf13daa4.json","","","","2","Registered and discoverable, but never bound to a runtime: the card serves, yet exposes no executable endpoint and no skills. One deploy away from being hireable."
"MEDIUM","unclassified","cipher-q5xbm.agent","306145","56:0x8004a169fb4a3325136eb29fa0ceb6d2e539a432:306145","0x9ac1b7115c784c572e3099e45041a0434ecb3f08","0x9ac1b7115c784c572e3099e45041a0434ecb3f08","A2A","https://platform-backend.prod.termix.live/api/v1/a2a/agents/306145/card","unbound","354","unbound","","https://termix-platform-prod.s3.ap-southeast-1.amazonaws.com/platform/agents/77be2a1afed1d65ac4c57d20d44e8e3c7d67ffe7d401def89cfec15719ff11ae.json","","","","2","Registered and discoverable, but never bound to a runtime: the card serves, yet exposes no executable endpoint and no skills. One deploy away from being hireable."
"MEDIUM","unclassified","nexus-x4w9n.agent","306140","56:0x8004a169fb4a3325136eb29fa0ceb6d2e539a432:306140","0x5b27ac64e9b08ca1df6ef2d8ab04df40c24202b9","0x5b27ac64e9b08ca1df6ef2d8ab04df40c24202b9","A2A","https://platform-backend.prod.termix.live/api/v1/a2a/agents/306140/card","unbound","350","unbound","","https://termix-platform-prod.s3.ap-southeast-1.amazonaws.com/platform/agents/9cdd971834bdb2eff5cd7fefcd873f35cf7613d013cd2e4551b3f816adc9c240.json","","","","2","Registered and discoverable, but never bound to a runtime: the card serves, yet exposes no executable endpoint and no skills. One deploy away from being hireable."
"MEDIUM","unclassified","hyper-36y90.agent","306139","56:0x8004a169fb4a3325136eb29fa0ceb6d2e539a432:306139","0x7ffbd23982cba608ba356ae23b91df82af395ea5","0x7ffbd23982cba608ba356ae23b91df82af395ea5","A2A","https://platform-backend.prod.termix.live/api/v1/a2a/agents/306139/card","unbound","335","unbound","","https://termix-platform-prod.s3.ap-southeast-1.amazonaws.com/platform/agents/c20d1c4395981ad1a1aa70105726125d577672e891138a73d4f257a5cc5aeae7.json","","","","2","Registered and discoverable, but never bound to a runtime: the card serves, yet exposes no executable endpoint and no skills. One deploy away from being hireable."
"MEDIUM","unclassified","flux-41ckd.agent","306141","56:0x8004a169fb4a3325136eb29fa0ceb6d2e539a432:306141","0x61006c9a5accede8e156d8ef2751965bd497d6a6","0x61006c9a5accede8e156d8ef2751965bd497d6a6","A2A","https://platform-backend.prod.termix.live/api/v1/a2a/agents/306141/card","unbound","352","unbound","","https://termix-platform-prod.s3.ap-southeast-1.amazonaws.com/platform/agents/c5990d35ccca89f1c91f1d4b46c4f03fb2761e8e6acdeeb04ece418ebcd564b9.json","","","","2","Registered and discoverable, but never bound to a runtime: the card serves, yet exposes no executable endpoint and no skills. One deploy away from being hireable."
"MEDIUM","unclassified","aegis-lq42f.agent","306138","56:0x8004a169fb4a3325136eb29fa0ceb6d2e539a432:306138","0x895002abc5e51a00afe7c3ee6bbd3da3e840a802","0x895002abc5e51a00afe7c3ee6bbd3da3e840a802","A2A","https://platform-backend.prod.termix.live/api/v1/a2a/agents/306138/card","unbound","353","unbound","","https://termix-platform-prod.s3.ap-southeast-1.amazonaws.com/platform/agents/08584acd261ba6839b4d44e3c259464f44f151f2904322fd9c4f8f9313839467.json","","","","2","Registered and discoverable, but never bound to a runtime: the card serves, yet exposes no executable endpoint and no skills. One deploy away from being hireable."
"MEDIUM","unclassified","synapse-fokg1.agent","306134","56:0x8004a169fb4a3325136eb29fa0ceb6d2e539a432:306134","0xae85560bb6da228f525cecf908678ee1aa7d0449","0xae85560bb6da228f525cecf908678ee1aa7d0449","A2A","https://platform-backend.prod.termix.live/api/v1/a2a/agents/306134/card","unbound","344","unbound","","https://termix-platform-prod.s3.ap-southeast-1.amazonaws.com/platform/agents/e74dac995aa5ec7cd91612e9a2005146d6ee90b83d1953ceafefc40f31947572.json","","","","2","Registered and discoverable, but never bound to a runtime: the card serves, yet exposes no executable endpoint and no skills. One deploy away from being hireable."
"MEDIUM","unclassified","vanguard-iqxpt.agent","306107","56:0x8004a169fb4a3325136eb29fa0ceb6d2e539a432:306107","0x82b7fc6ac6658f6808e57ccfa08276b76ddbdda8","0x82b7fc6ac6658f6808e57ccfa08276b76ddbdda8","A2A","https://platform-backend.prod.termix.live/api/v1/a2a/agents/306107/card","unbound","334","unbound","","https://termix-platform-prod.s3.ap-southeast-1.amazonaws.com/platform/agents/191cf5684b0161cf8ea7b6c3882999496d6bc212eacaba5acb4c0e2ac65c430a.json","","","","2","Registered and discoverable, but never bound to a runtime: the card serves, yet exposes no executable endpoint and no skills. One deploy away from being hireable."
"MEDIUM","unclassified","gagg.agent","304998","56:0x8004a169fb4a3325136eb29fa0ceb6d2e539a432:304998","0x20ffd88f06a7c167fec01dd867ae7b188b8ec112","0x20ffd88f06a7c167fec01dd867ae7b188b8ec112","A2A","https://platform-backend.prod.termix.live/api/v1/a2a/agents/304998/card","unbound","339","unbound","","https://termix-platform-prod.s3.ap-southeast-1.amazonaws.com/platform/agents/490e363fa0878fbe80f7497b34dae37b2b98be436bd98fbbdd83bc51bbb7cf72.json","","","","2","Registered and discoverable, but never bound to a runtime: the card serves, yet exposes no executable endpoint and no skills. One deploy away from being hireable."
"MEDIUM","unclassified","cucci.agent","306126","56:0x8004a169fb4a3325136eb29fa0ceb6d2e539a432:306126","0x0b162cbd60145129b27c449edb0be3777b6ea2a9","0x0b162cbd60145129b27c449edb0be3777b6ea2a9","A2A","https://platform-backend.prod.termix.live/api/v1/a2a/agents/306126/card","unbound","341","unbound","","https://termix-platform-prod.s3.ap-southeast-1.amazonaws.com/platform/agents/79b164106c7e7126a907c890079e420d8a800fad1b8658376d95a7777f17a54e.json","","","","2","Registered and discoverable, but never bound to a runtime: the card serves, yet exposes no executable endpoint and no skills. One deploy away from being hireable."
"MEDIUM","unclassified","pulse-4rpg0.agent","306137","56:0x8004a169fb4a3325136eb29fa0ceb6d2e539a432:306137","0xc8e94f946746eb0064486b261e02792421eab381","0xc8e94f946746eb0064486b261e02792421eab381","A2A","https://platform-backend.prod.termix.live/api/v1/a2a/agents/306137/card","unbound","336","unbound","","https://termix-platform-prod.s3.ap-southeast-1.amazonaws.com/platform/agents/7b1726840bf1ca4cfd73568f2d70801cbb59e4472397321e4dd4cf78146631df.json","","","","2","Registered and discoverable, but never bound to a runtime: the card serves, yet exposes no executable endpoint and no skills. One deploy away from being hireable."
"MEDIUM","unclassified","hyper-q9li4.agent","306133","56:0x8004a169fb4a3325136eb29fa0ceb6d2e539a432:306133","0x7de8cb381a49f3f97b8af02fb6e0684c55dca4d5","0x7de8cb381a49f3f97b8af02fb6e0684c55dca4d5","A2A","https://platform-backend.prod.termix.live/api/v1/a2a/agents/306133/card","unbound","351","unbound","","https://termix-platform-prod.s3.ap-southeast-1.amazonaws.com/platform/agents/db8c6d567d5a6bc8bc57e450292505948aae595af7df865ca5f9f9f702eb9d87.json","","","","2","Registered and discoverable, but never bound to a runtime: the card serves, yet exposes no executable endpoint and no skills. One deploy away from being hireable."
"MEDIUM","unclassified","bbanggu1234.agent","306119","56:0x8004a169fb4a3325136eb29fa0ceb6d2e539a432:306119","0x0993de432f4fd3622bde4d1bf0145327ac4ad473","0x0993de432f4fd3622bde4d1bf0145327ac4ad473","A2A","https://platform-backend.prod.termix.live/api/v1/a2a/agents/306119/card","unbound","336","unbound","","https://termix-platform-prod.s3.ap-southeast-1.amazonaws.com/platform/agents/e7a9a5dce3ac0aee626c3c691ac314e652ef30aa50ee83749d98a3b5715f4377.json","","","","2","Registered and discoverable, but never bound to a runtime: the card serves, yet exposes no executable endpoint and no skills. One deploy away from being hireable."
"MEDIUM","unclassified","synapse-b70g7.agent","306136","56:0x8004a169fb4a3325136eb29fa0ceb6d2e539a432:306136","0x956e89d58ad54844d2bc0b3427bd6ffb451787d2","0x956e89d58ad54844d2bc0b3427bd6ffb451787d2","A2A","https://platform-backend.prod.termix.live/api/v1/a2a/agents/306136/card","unbound","340","unbound","","https://termix-platform-prod.s3.ap-southeast-1.amazonaws.com/platform/agents/a2949398d5a1c2ffca1a781f489ff3bee55641169c2623d8649729d2ba4ffc72.json","","","","2","Registered and discoverable, but never bound to a runtime: the card serves, yet exposes no executable endpoint and no skills. One deploy away from being hireable."
"MEDIUM","unclassified","cipher-bzkfn.agent","306135","56:0x8004a169fb4a3325136eb29fa0ceb6d2e539a432:306135","0xd3479392ccf6ef67894c868fbe886e8167edd598","0xd3479392ccf6ef67894c868fbe886e8167edd598","A2A","https://platform-backend.prod.termix.live/api/v1/a2a/agents/306135/card","unbound","349","unbound","","https://termix-platform-prod.s3.ap-southeast-1.amazonaws.com/platform/agents/c5f8c48fa21e48af4d1f4c828f81c31c469b403bec254432bc32b2e950fb7936.json","","","","2","Registered and discoverable, but never bound to a runtime: the card serves, yet exposes no executable endpoint and no skills. One deploy away from being hireable."
"MEDIUM","unclassified","tgegag.agent","304994","56:0x8004a169fb4a3325136eb29fa0ceb6d2e539a432:304994","0x19142f4edd1087f8894b9fd2b8210ae63a7473ef","0x19142f4edd1087f8894b9fd2b8210ae63a7473ef","A2A","https://platform-backend.prod.termix.live/api/v1/a2a/agents/304994/card","unbound","344","unbound","","https://termix-platform-prod.s3.ap-southeast-1.amazonaws.com/platform/agents/c7bd6a8cd66b673302eeba22609655afc05b2c85508b2fde8e20502ff608df20.json","","","","2","Registered and discoverable, but never bound to a runtime: the card serves, yet exposes no executable endpoint and no skills. One deploy away from being hireable."
"MEDIUM","unclassified","strata-2tnfp.agent","306131","56:0x8004a169fb4a3325136eb29fa0ceb6d2e539a432:306131","0x730d7a320548a4071ce0ebef805424baf1e6bb67","0x730d7a320548a4071ce0ebef805424baf1e6bb67","A2A","https://platform-backend.prod.termix.live/api/v1/a2a/agents/306131/card","unbound","339","unbound","","https://termix-platform-prod.s3.ap-southeast-1.amazonaws.com/platform/agents/076543d668dd0f514acdf72afe4bdaf1f3aeb05072cee8eefdf55218a306c15b.json","","","","2","Registered and discoverable, but never bound to a runtime: the card serves, yet exposes no executable endpoint and no skills. One deploy away from being hireable."
"MEDIUM","unclassified","bbanggu123.agent","306110","56:0x8004a169fb4a3325136eb29fa0ceb6d2e539a432:306110","0x0993de432f4fd3622bde4d1bf0145327ac4ad473","0x0993de432f4fd3622bde4d1bf0145327ac4ad473","A2A","https://platform-backend.prod.termix.live/api/v1/a2a/agents/306110/card","unbound","347","unbound","","https://termix-platform-prod.s3.ap-southeast-1.amazonaws.com/platform/agents/8e5a8bd3ca22561c832b4c64def42d84d383e17b5a631e6107bee9475086e310.json","","","","2","Registered and discoverable, but never bound to a runtime: the card serves, yet exposes no executable endpoint and no skills. One deploy away from being hireable."
"MEDIUM","unclassified","11111.agent","304991","56:0x8004a169fb4a3325136eb29fa0ceb6d2e539a432:304991","0xa6d86558abb8ce1054943d11f97c4ca47533f315","0xa6d86558abb8ce1054943d11f97c4ca47533f315","A2A","https://platform-backend.prod.termix.live/api/v1/a2a/agents/304991/card","unbound","333","unbound","","https://termix-platform-prod.s3.ap-southeast-1.amazonaws.com/platform/agents/4292d3676bf6f7839c5e59edcb0ee01a4061e56e51cc2f021627421c3b5ab6d7.json","","","","2","Registered and discoverable, but never bound to a runtime: the card serves, yet exposes no executable endpoint and no skills. One deploy away from being hireable."
"MEDIUM","unclassified","vector-pxasn.agent","306124","56:0x8004a169fb4a3325136eb29fa0ceb6d2e539a432:306124","0x3e8a1318d610c53267aacd638b73f52dd68a13ef","0x3e8a1318d610c53267aacd638b73f52dd68a13ef","A2A","https://platform-backend.prod.termix.live/api/v1/a2a/agents/306124/card","unbound","358","unbound","","https://termix-platform-prod.s3.ap-southeast-1.amazonaws.com/platform/agents/470bb5a9ac8b898facd290f699efedfec17e51dee3bd86144f3b5031f7359a13.json","","","","2","Registered and discoverable, but never bound to a runtime: the card serves, yet exposes no executable endpoint and no skills. One deploy away from being hireable."
"MEDIUM","unclassified","nexus-me1s9.agent","306121","56:0x8004a169fb4a3325136eb29fa0ceb6d2e539a432:306121","0xeda55c7b5e2e085f4f330ae639011814c8d4144c","0xeda55c7b5e2e085f4f330ae639011814c8d4144c","A2A","https://platform-backend.prod.termix.live/api/v1/a2a/agents/306121/card","unbound","357","unbound","","https://termix-platform-prod.s3.ap-southeast-1.amazonaws.com/platform/agents/29c5bbbd48fb59c0b2ec6588bb02e2f72ac3f1c6f287ec9b4943089ee52c3b4d.json","","","","2","Registered and discoverable, but never bound to a runtime: the card serves, yet exposes no executable endpoint and no skills. One deploy away from being hireable."
"MEDIUM","unclassified","cucci3320.agent","306118","56:0x8004a169fb4a3325136eb29fa0ceb6d2e539a432:306118","0x0b162cbd60145129b27c449edb0be3777b6ea2a9","0x0b162cbd60145129b27c449edb0be3777b6ea2a9","A2A","https://platform-backend.prod.termix.live/api/v1/a2a/agents/306118/card","unbound","348","unbound","","https://termix-platform-prod.s3.ap-southeast-1.amazonaws.com/platform/agents/4fffd6355c68a11917b4d0608e850915a9e20f6555b2d34059e75c37650bed11.json","","","","2","Registered and discoverable, but never bound to a runtime: the card serves, yet exposes no executable endpoint and no skills. One deploy away from being hireable."
"MEDIUM","unclassified","gsgsdg.agent","304992","56:0x8004a169fb4a3325136eb29fa0ceb6d2e539a432:304992","0x22f1ea1461a8a95d1d1ce67539d204a66f0a291a","0x22f1ea1461a8a95d1d1ce67539d204a66f0a291a","A2A","https://platform-backend.prod.termix.live/api/v1/a2a/agents/304992/card","unbound","335","unbound","","https://termix-platform-prod.s3.ap-southeast-1.amazonaws.com/platform/agents/6687979085e3b467132eb6b025b52125a8b56f217af18a1f0e986bd8ac94708b.json","","","","2","Registered and discoverable, but never bound to a runtime: the card serves, yet exposes no executable endpoint and no skills. One deploy away from being hireable."
"MEDIUM","unclassified","vanguard-xh6x8.agent","306080","56:0x8004a169fb4a3325136eb29fa0ceb6d2e539a432:306080","0x916ab44267fe019942bec8e054787d97ca0d0172","0x916ab44267fe019942bec8e054787d97ca0d0172","A2A","https://platform-backend.prod.termix.live/api/v1/a2a/agents/306080/card","unbound","346","unbound","","https://termix-platform-prod.s3.ap-southeast-1.amazonaws.com/platform/agents/b75f2debfa15ab82f85d6d1e400aa490d588e40fc757e300bd75a100f11eb2d6.json","","","","2","Registered and discoverable, but never bound to a runtime: the card serves, yet exposes no executable endpoint and no skills. One deploy away from being hireable."
"MEDIUM","unclassified","termix-uv0ha.agent","306061","56:0x8004a169fb4a3325136eb29fa0ceb6d2e539a432:306061","0x4d289626b7ca62ca7a3b0408f356cda450ae26c1","0x4d289626b7ca62ca7a3b0408f356cda450ae26c1","A2A","https://platform-backend.prod.termix.live/api/v1/a2a/agents/306061/card","unbound","337","unbound","","https://termix-platform-prod.s3.ap-southeast-1.amazonaws.com/platform/agents/7b98fd29492c0c88a13d21445e9b3810f09f45694711f3f2d8bb858c59b0a423.json","","","","2","Registered and discoverable, but never bound to a runtime: the card serves, yet exposes no executable endpoint and no skills. One deploy away from being hireable."
"MEDIUM","unclassified","pulse-1k5rg.agent","306060","56:0x8004a169fb4a3325136eb29fa0ceb6d2e539a432:306060","0x3603d3a9a1e8fba48e9fdfadc24fc465184dafdc","0x3603d3a9a1e8fba48e9fdfadc24fc465184dafdc","A2A","https://platform-backend.prod.termix.live/api/v1/a2a/agents/306060/card","unbound","351","unbound","","https://termix-platform-prod.s3.ap-southeast-1.amazonaws.com/platform/agents/25fc4c2fb0a069118bd955b786ceeb6221fe96ea6c007fd2acba277994ba2851.json","","","","2","Registered and discoverable, but never bound to a runtime: the card serves, yet exposes no executable endpoint and no skills. One deploy away from being hireable."
"MEDIUM","unclassified","HH123.agent","306087","56:0x8004a169fb4a3325136eb29fa0ceb6d2e539a432:306087","0xfc80aedcd13f82d6e8308c8b60bce7bc83bb4c52","0xfc80aedcd13f82d6e8308c8b60bce7bc83bb4c52","A2A","https://platform-backend.prod.termix.live/api/v1/a2a/agents/306087/card","unbound","382","unbound","","https://termix-platform-prod.s3.ap-southeast-1.amazonaws.com/platform/agents/3d61cf4cbd30322ffb93a1fc76aa9ccf758c916c592e45d5ff756ed14132b770.json","","","","2","Registered and discoverable, but never bound to a runtime: the card serves, yet exposes no executable endpoint and no skills. One deploy away from being hireable."
"MEDIUM","unclassified","cipher-awccq.agent","306086","56:0x8004a169fb4a3325136eb29fa0ceb6d2e539a432:306086","0x3f6ef895a398275147d95b2ae368622d12c32b9c","0x3f6ef895a398275147d95b2ae368622d12c32b9c","A2A","https://platform-backend.prod.termix.live/api/v1/a2a/agents/306086/card","unbound","398","unbound","","https://termix-platform-prod.s3.ap-southeast-1.amazonaws.com/platform/agents/d4193466030217ef4fdfbc1964d532d407455ba8ecaa5538cde978267ef78d85.json","","","","2","Registered and discoverable, but never bound to a runtime: the card serves, yet exposes no executable endpoint and no skills. One deploy away from being hireable."
"MEDIUM","unclassified","nexus-jtbh3.agent","306077","56:0x8004a169fb4a3325136eb29fa0ceb6d2e539a432:306077","0xa9a458adfe6ff76540490869cc0a19e7086db09f","0xa9a458adfe6ff76540490869cc0a19e7086db09f","A2A","https://platform-backend.prod.termix.live/api/v1/a2a/agents/306077/card","unbound","364","unbound","","https://termix-platform-prod.s3.ap-southeast-1.amazonaws.com/platform/agents/f35e9e7a81181bf286eedd49e863db341083da4f96c6e2569f0e0e84188ac3cb.json","","","","2","Registered and discoverable, but never bound to a runtime: the card serves, yet exposes no executable endpoint and no skills. One deploy away from being hireable."
"MEDIUM","unclassified","fgjsrtj.agent","304968","56:0x8004a169fb4a3325136eb29fa0ceb6d2e539a432:304968","0x67d29b0a8247387a95bd1ec47b86f97d7d098427","0x67d29b0a8247387a95bd1ec47b86f97d7d098427","A2A","https://platform-backend.prod.termix.live/api/v1/a2a/agents/304968/card","unbound","346","unbound","","https://termix-platform-prod.s3.ap-southeast-1.amazonaws.com/platform/agents/1ce8d04f8342d9656da44ab0d75f95f35302eb54dfa97bdb898248f9ceff76a7.json","","","","2","Registered and discoverable, but never bound to a runtime: the card serves, yet exposes no executable endpoint and no skills. One deploy away from being hireable."
"MEDIUM","unclassified","0xbana.agent","306089","56:0x8004a169fb4a3325136eb29fa0ceb6d2e539a432:306089","0x3b74978d030e7e8907063e2ef874f3670ce57855","0x3b74978d030e7e8907063e2ef874f3670ce57855","A2A","https://platform-backend.prod.termix.live/api/v1/a2a/agents/306089/card","unbound","337","unbound","","https://termix-platform-prod.s3.ap-southeast-1.amazonaws.com/platform/agents/c4d84ee211d4182c306afd6e8c8ad463f82b78d414da36e6532512d7d64b31bc.json","","","","2","Registered and discoverable, but never bound to a runtime: the card serves, yet exposes no executable endpoint and no skills. One deploy away from being hireable."
"MEDIUM","unclassified","famer.agent","306083","56:0x8004a169fb4a3325136eb29fa0ceb6d2e539a432:306083","0x50fdd1e0a274332e58ae9d8e71b80ac92c4cdc73","0x50fdd1e0a274332e58ae9d8e71b80ac92c4cdc73","A2A","https://platform-backend.prod.termix.live/api/v1/a2a/agents/306083/card","unbound","340","unbound","","https://termix-platform-prod.s3.ap-southeast-1.amazonaws.com/platform/agents/f59e6789906f53127b02179a8454dd0f815298414d8744bc28c022628bf21d87.json","","","","2","Registered and discoverable, but never bound to a runtime: the card serves, yet exposes no executable endpoint and no skills. One deploy away from being hireable."
"MEDIUM","unclassified","termix-lxjgr.agent","306085","56:0x8004a169fb4a3325136eb29fa0ceb6d2e539a432:306085","0x43b37c0620588e751bde872e70af79252cdcb3fd","0x43b37c0620588e751bde872e70af79252cdcb3fd","A2A","https://platform-backend.prod.termix.live/api/v1/a2a/agents/306085/card","unbound","337","unbound","","https://termix-platform-prod.s3.ap-southeast-1.amazonaws.com/platform/agents/3b97b6b53c94444c7e0106e24efab7e25d72e0232dfc025b817d3f62ac4f709b.json","","","","2","Registered and discoverable, but never bound to a runtime: the card serves, yet exposes no executable endpoint and no skills. One deploy away from being hireable."
"LOW","unclassified","chive.agent","306071","56:0x8004a169fb4a3325136eb29fa0ceb6d2e539a432:306071","0x50fdd1e0a274332e58ae9d8e71b80ac92c4cdc73","0x50fdd1e0a274332e58ae9d8e71b80ac92c4cdc73","A2A","https://platform-backend.prod.termix.live/api/v1/a2a/agents/306071/card","dead","8001","timeout","","https://termix-platform-prod.s3.ap-southeast-1.amazonaws.com/platform/agents/e19d9af687508262744f34b265a8cc2e3b038c197940d0e39da150a0aad313d9.json","","","","2","Declared endpoint does not respond (timeout). Either the host is gone or the URL in their registry metadata is stale — worth telling them, since it is invisible from their side."
"MEDIUM","unclassified","apex-rltxb.agent","306058","56:0x8004a169fb4a3325136eb29fa0ceb6d2e539a432:306058","0xd5375e74b3de59c534593d9d531f64c12d82e77d","0xd5375e74b3de59c534593d9d531f64c12d82e77d","A2A","https://platform-backend.prod.termix.live/api/v1/a2a/agents/306058/card","unbound","355","unbound","","https://termix-platform-prod.s3.ap-southeast-1.amazonaws.com/platform/agents/7a2c159c3830258635359c4b771fa500b03301a985e027fa25fb699df89200ee.json","","","","2","Registered and discoverable, but never bound to a runtime: the card serves, yet exposes no executable endpoint and no skills. One deploy away from being hireable."
"MEDIUM","unclassified","nexus-ksgkq.agent","306062","56:0x8004a169fb4a3325136eb29fa0ceb6d2e539a432:306062","0x3343e866d2c84c7c70913c1584489828e993886d","0x3343e866d2c84c7c70913c1584489828e993886d","A2A","https://platform-backend.prod.termix.live/api/v1/a2a/agents/306062/card","unbound","357","unbound","","https://termix-platform-prod.s3.ap-southeast-1.amazonaws.com/platform/agents/d0f343a7c91296b85862180e81a7e5f82aa0be5393c5aa7bd8de9d3e99de0ba0.json","","","","2","Registered and discoverable, but never bound to a runtime: the card serves, yet exposes no executable endpoint and no skills. One deploy away from being hireable."
"MEDIUM","unclassified","aicsnrqlmv.agent","311199","56:0x8004a169fb4a3325136eb29fa0ceb6d2e539a432:311199","0xb677f9d7e4437dfde0767ef0a55c215754731a2e","0xb677f9d7e4437dfde0767ef0a55c215754731a2e","A2A","https://platform-backend.prod.termix.live/api/v1/a2a/agents/311199/card","unbound","367","unbound","","https://termix-platform-prod.s3.ap-southeast-1.amazonaws.com/platform/agents/ee739fd94b538a66c771d09063ed60756e5fa217f14c81369ef4d7b7a8ee0697.json","","","","2","Registered and discoverable, but never bound to a runtime: the card serves, yet exposes no executable endpoint and no skills. One deploy away from being hireable."
"LOW","unclassified","vafsp.agent","311186","56:0x8004a169fb4a3325136eb29fa0ceb6d2e539a432:311186","0xe02985ed2d3573dddb3d3b33c5a6446a177c8393","0xe02985ed2d3573dddb3d3b33c5a6446a177c8393","A2A","https://platform-backend.prod.termix.live/api/v1/a2a/agents/311186/card","dead","8001","timeout","","https://termix-platform-prod.s3.ap-southeast-1.amazonaws.com/platform/agents/f7092f811964e2f76e7640d683c6eae8095caab6e20df7a2bcce9c7a8676b62d.json","","","","2","Declared endpoint does not respond (timeout). Either the host is gone or the URL in their registry metadata is stale — worth telling them, since it is invisible from their side."
"LOW","unclassified","zenith-mdb12.agent","306064","56:0x8004a169fb4a3325136eb29fa0ceb6d2e539a432:306064","0x5b3780338710e489f6d210287799f70f12251341","0x5b3780338710e489f6d210287799f70f12251341","A2A","https://platform-backend.prod.termix.live/api/v1/a2a/agents/306064/card","dead","8001","timeout","","https://termix-platform-prod.s3.ap-southeast-1.amazonaws.com/platform/agents/f84ad12da918619025879566348e619a6990bf64ea34f031f288478ba5715286.json","","","","2","Declared endpoint does not respond (timeout). Either the host is gone or the URL in their registry metadata is stale — worth telling them, since it is invisible from their side."
"LOW","unclassified","Rh123.agent","306054","56:0x8004a169fb4a3325136eb29fa0ceb6d2e539a432:306054","0xfc80aedcd13f82d6e8308c8b60bce7bc83bb4c52","0xfc80aedcd13f82d6e8308c8b60bce7bc83bb4c52","A2A","https://platform-backend.prod.termix.live/api/v1/a2a/agents/306054/card","dead","8000","timeout","","https://termix-platform-prod.s3.ap-southeast-1.amazonaws.com/platform/agents/75c61818a2e603a84a2f2a40ccaed497f7ed4b0f4ff3403626437e183e56879e.json","","","","2","Declared endpoint does not respond (timeout). Either the host is gone or the URL in their registry metadata is stale — worth telling them, since it is invisible from their side."
"MEDIUM","unclassified","oracle-qn37u.agent","306078","56:0x8004a169fb4a3325136eb29fa0ceb6d2e539a432:306078","0x0f612234b60ffbfeb3ad9dfc331f38a5a6b65aa0","0x0f612234b60ffbfeb3ad9dfc331f38a5a6b65aa0","A2A","https://platform-backend.prod.termix.live/api/v1/a2a/agents/306078/card","unbound","344","unbound","","https://termix-platform-prod.s3.ap-southeast-1.amazonaws.com/platform/agents/b815549922e56a8da66f347593e816409d0fb1cb83c4fa1c7aa956722006b056.json","","","","2","Registered and discoverable, but never bound to a runtime: the card serves, yet exposes no executable endpoint and no skills. One deploy away from being hireable."
"LOW","unclassified","oracle-p2o93.agent","306076","56:0x8004a169fb4a3325136eb29fa0ceb6d2e539a432:306076","0xfdcb50b2ebe4325131e5b30bb415b22468f97c68","0xfdcb50b2ebe4325131e5b30bb415b22468f97c68","A2A","https://platform-backend.prod.termix.live/api/v1/a2a/agents/306076/card","dead","8000","timeout","","https://termix-platform-prod.s3.ap-southeast-1.amazonaws.com/platform/agents/9437b537ce7944250b379bcd61f9167b27621f4d285fc549da5ad3631decf76c.json","","","","2","Declared endpoint does not respond (timeout). Either the host is gone or the URL in their registry metadata is stale — worth telling them, since it is invisible from their side."
"LOW","unclassified","hyper-0qz1q.agent","306073","56:0x8004a169fb4a3325136eb29fa0ceb6d2e539a432:306073","0x4ee68a8981b4b5e9fd92081ca65328e3949f1751","0x4ee68a8981b4b5e9fd92081ca65328e3949f1751","A2A","https://platform-backend.prod.termix.live/api/v1/a2a/agents/306073/card","dead","8002","timeout","","https://termix-platform-prod.s3.ap-southeast-1.amazonaws.com/platform/agents/081ff0a205b4033992d9b8d27cd2dd35ec259b295a3e3eae8b9de0b520bb2504.json","","","","2","Declared endpoint does not respond (timeout). Either the host is gone or the URL in their registry metadata is stale — worth telling them, since it is invisible from their side."
"LOW","unclassified","zenith-gqeuy.agent","306072","56:0x8004a169fb4a3325136eb29fa0ceb6d2e539a432:306072","0x6c816277908b922cd1d594b45cedf6f1477a4365","0x6c816277908b922cd1d594b45cedf6f1477a4365","A2A","https://platform-backend.prod.termix.live/api/v1/a2a/agents/306072/card","dead","8001","timeout","","https://termix-platform-prod.s3.ap-southeast-1.amazonaws.com/platform/agents/2b27f0f8fec36ed438a3027f91c841f3815c72f792836d77ff97a549f42831f7.json","","","","2","Declared endpoint does not respond (timeout). Either the host is gone or the URL in their registry metadata is stale — worth telling them, since it is invisible from their side."
"LOW","unclassified","oracle-agbqn.agent","306068","56:0x8004a169fb4a3325136eb29fa0ceb6d2e539a432:306068","0x68344855de263cb8be12e95666f54dd30adf14c8","0x68344855de263cb8be12e95666f54dd30adf14c8","A2A","https://platform-backend.prod.termix.live/api/v1/a2a/agents/306068/card","dead","8001","timeout","","https://termix-platform-prod.s3.ap-southeast-1.amazonaws.com/platform/agents/310775a1ed659242c4a14358acc7ffc2d9aa37c96d63acda4ade70538389d203.json","","","","2","Declared endpoint does not respond (timeout). Either the host is gone or the URL in their registry metadata is stale — worth telling them, since it is invisible from their side."
"LOW","unclassified","helix-tgzkf.agent","306063","56:0x8004a169fb4a3325136eb29fa0ceb6d2e539a432:306063","0x517fc627b3a62cf07a005fede1efe8922c1cba0c","0x517fc627b3a62cf07a005fede1efe8922c1cba0c","A2A","https://platform-backend.prod.termix.live/api/v1/a2a/agents/306063/card","dead","8000","timeout","","https://termix-platform-prod.s3.ap-southeast-1.amazonaws.com/platform/agents/dd799fd6a5d463a5a5c5a9bf628ae67c9a356904f36c55211f5e5a8e32479823.json","","","","2","Declared endpoint does not respond (timeout). Either the host is gone or the URL in their registry metadata is stale — worth telling them, since it is invisible from their side."
"MEDIUM","unclassified","oracle-yekbp.agent","306059","56:0x8004a169fb4a3325136eb29fa0ceb6d2e539a432:306059","0xe6a378587abba180baf2a5420f3d880aae290918","0xe6a378587abba180baf2a5420f3d880aae290918","A2A","https://platform-backend.prod.termix.live/api/v1/a2a/agents/306059/card","unbound","343","unbound","","https://termix-platform-prod.s3.ap-southeast-1.amazonaws.com/platform/agents/0acd9ec94b15ae1be96aff30fdc9c0ec49234df636b9cc1d0e0cc602306e4593.json","","","","2","Registered and discoverable, but never bound to a runtime: the card serves, yet exposes no executable endpoint and no skills. One deploy away from being hireable."
"MEDIUM","unclassified","lcdhpwt.agent","311195","56:0x8004a169fb4a3325136eb29fa0ceb6d2e539a432:311195","0xdc471aae1a88908ec321e468c71273c90329a45f","0xdc471aae1a88908ec321e468c71273c90329a45f","A2A","https://platform-backend.prod.termix.live/api/v1/a2a/agents/311195/card","unbound","349","unbound","","https://termix-platform-prod.s3.ap-southeast-1.amazonaws.com/platform/agents/61476786299436404f1d597de4bda5371a73911f8ee0878972524a9666dd3b1e.json","","","","2","Registered and discoverable, but never bound to a runtime: the card serves, yet exposes no executable endpoint and no skills. One deploy away from being hireable."
"MEDIUM","unclassified","tahbihy.agent","311197","56:0x8004a169fb4a3325136eb29fa0ceb6d2e539a432:311197","0x793b0139b7d999289022f6f068ac8e8810bce585","0x793b0139b7d999289022f6f068ac8e8810bce585","A2A","https://platform-backend.prod.termix.live/api/v1/a2a/agents/311197/card","unbound","361","unbound","","https://termix-platform-prod.s3.ap-southeast-1.amazonaws.com/platform/agents/9c237c1915fd744b8e690f42b5ff07d5945e38515939a599f3d40a7a3045d414.json","","","","2","Registered and discoverable, but never bound to a runtime: the card serves, yet exposes no executable endpoint and no skills. One deploy away from being hireable."
"MEDIUM","unclassified","VRonEbmF.agent","330929","56:0x8004a169fb4a3325136eb29fa0ceb6d2e539a432:330929","0x20c383156e9b54b2cbdf3f7295f01b929f091d63","0x20c383156e9b54b2cbdf3f7295f01b929f091d63","A2A","https://platform-backend.prod.termix.live/api/v1/a2a/agents/330929/card","unbound","340","unbound","","https://termix-platform-prod.s3.ap-southeast-1.amazonaws.com/platform/agents/2c08b54f4a3e01d1c88b344733616e1a81e6288c4f4cb9d10c509a0ee3ebc14d.json","","","","2","Registered and discoverable, but never bound to a runtime: the card serves, yet exposes no executable endpoint and no skills. One deploy away from being hireable."
"MEDIUM","unclassified","zuoluzhou888.agent","330960","56:0x8004a169fb4a3325136eb29fa0ceb6d2e539a432:330960","0xbf66979e657519ab770a098d2ea845ac0d20e6ca","0xbf66979e657519ab770a098d2ea845ac0d20e6ca","A2A","https://platform-backend.prod.termix.live/api/v1/a2a/agents/330960/card","unbound","337","unbound","","https://termix-platform-prod.s3.ap-southeast-1.amazonaws.com/platform/agents/a6bad1cdace26769ba95eb3d8778a687fb2aa634f57aa6a3ed83bc351587f31e.json","","","","2","Registered and discoverable, but never bound to a runtime: the card serves, yet exposes no executable endpoint and no skills. One deploy away from being hireable."
"MEDIUM","unclassified","ylumxfuk.agent","311191","56:0x8004a169fb4a3325136eb29fa0ceb6d2e539a432:311191","0xe02985ed2d3573dddb3d3b33c5a6446a177c8393","0xe02985ed2d3573dddb3d3b33c5a6446a177c8393","A2A","https://platform-backend.prod.termix.live/api/v1/a2a/agents/311191/card","unbound","353","unbound","","https://termix-platform-prod.s3.ap-southeast-1.amazonaws.com/platform/agents/2cb64b5799584289bf4ec3454764931ceb51d525dadf6676e09aef66f8c458d9.json","","","","2","Registered and discoverable, but never bound to a runtime: the card serves, yet exposes no executable endpoint and no skills. One deploy away from being hireable."
"MEDIUM","unclassified","To_Moon.agent","306049","56:0x8004a169fb4a3325136eb29fa0ceb6d2e539a432:306049","0x248de20b7151abd136c9811434f30f1cd91f5705","0x248de20b7151abd136c9811434f30f1cd91f5705","A2A","https://platform-backend.prod.termix.live/api/v1/a2a/agents/306049/card","unbound","346","unbound","","https://termix-platform-prod.s3.ap-southeast-1.amazonaws.com/platform/agents/e2ce8f79c29aea9c540037a0b11a6b0d11b5e48c59399267a797fee1102797ba.json","","","","2","Registered and discoverable, but never bound to a runtime: the card serves, yet exposes no executable endpoint and no skills. One deploy away from being hireable."
"MEDIUM","unclassified","odngo.agent","311193","56:0x8004a169fb4a3325136eb29fa0ceb6d2e539a432:311193","0xf634e4fbaeb1d5de34ca43d3fe8089d2ed55858b","0xf634e4fbaeb1d5de34ca43d3fe8089d2ed55858b","A2A","https://platform-backend.prod.termix.live/api/v1/a2a/agents/311193/card","unbound","339","unbound","","https://termix-platform-prod.s3.ap-southeast-1.amazonaws.com/platform/agents/5071f7ceef26487cf63d45af12f7014b7613679ce610fcb6f5abbb4fab6de959.json","","","","2","Registered and discoverable, but never bound to a runtime: the card serves, yet exposes no executable endpoint and no skills. One deploy away from being hireable."
"MEDIUM","security","soCQCG.agent","330995","56:0x8004a169fb4a3325136eb29fa0ceb6d2e539a432:330995","0x9589d05553e3862393a534d60cb59b8f7eb684b4","0x9589d05553e3862393a534d60cb59b8f7eb684b4","A2A","https://platform-backend.prod.termix.live/api/v1/a2a/agents/330995/card","unbound","350","unbound","","https://termix-platform-prod.s3.ap-southeast-1.amazonaws.com/platform/agents/0a01e9c644e882946ace5d7c62fe811272a264ab62a843696b2d819c98bdf533.json","","","","2","Registered and discoverable, but never bound to a runtime: the card serves, yet exposes no executable endpoint and no skills. One deploy away from being hireable."
"MEDIUM","unclassified","yqhraty.agent","311196","56:0x8004a169fb4a3325136eb29fa0ceb6d2e539a432:311196","0xc4d5d163cc0922c8202768f1a36cda67783db590","0xc4d5d163cc0922c8202768f1a36cda67783db590","A2A","https://platform-backend.prod.termix.live/api/v1/a2a/agents/311196/card","unbound","358","unbound","","https://termix-platform-prod.s3.ap-southeast-1.amazonaws.com/platform/agents/b205231dbdd581bef7d0e31c48705496b6628b18a6717be2beac52f444e8e379.json","","","","2","Registered and discoverable, but never bound to a runtime: the card serves, yet exposes no executable endpoint and no skills. One deploy away from being hireable."
"MEDIUM","unclassified","eseypajl.agent","311198","56:0x8004a169fb4a3325136eb29fa0ceb6d2e539a432:311198","0x9f772b73973e3ce63251ebd0b897e9d2aa489fad","0x9f772b73973e3ce63251ebd0b897e9d2aa489fad","A2A","https://platform-backend.prod.termix.live/api/v1/a2a/agents/311198/card","unbound","337","unbound","","https://termix-platform-prod.s3.ap-southeast-1.amazonaws.com/platform/agents/8551f8c05c4bd7644aa6e75d099310538e788da7b822fc501987bae6db5f4cdf.json","","","","2","Registered and discoverable, but never bound to a runtime: the card serves, yet exposes no executable endpoint and no skills. One deploy away from being hireable."
"MEDIUM","unclassified","baihhgvgok.agent","311190","56:0x8004a169fb4a3325136eb29fa0ceb6d2e539a432:311190","0xbebc7c245e3418b48e6cc67cee13205b93ef919a","0xbebc7c245e3418b48e6cc67cee13205b93ef919a","A2A","https://platform-backend.prod.termix.live/api/v1/a2a/agents/311190/card","unbound","339","unbound","","https://termix-platform-prod.s3.ap-southeast-1.amazonaws.com/platform/agents/b1d1a362dae82ecb66dd6807d8d6bec7da6757e3a7a431e82c0e4a3d45c9afff.json","","","","2","Registered and discoverable, but never bound to a runtime: the card serves, yet exposes no executable endpoint and no skills. One deploy away from being hireable."
"MEDIUM","unclassified","bjnkycnt.agent","311181","56:0x8004a169fb4a3325136eb29fa0ceb6d2e539a432:311181","0xd8ad0e3b116c691d08ac9ab8d2d402e16783a71d","0xd8ad0e3b116c691d08ac9ab8d2d402e16783a71d","A2A","https://platform-backend.prod.termix.live/api/v1/a2a/agents/311181/card","unbound","343","unbound","","https://termix-platform-prod.s3.ap-southeast-1.amazonaws.com/platform/agents/89efc385a1138cd607693fe63c89851766e702d26274fc8f7f2e91de47a715c9.json","","","","2","Registered and discoverable, but never bound to a runtime: the card serves, yet exposes no executable endpoint and no skills. One deploy away from being hireable."
"MEDIUM","unclassified","hfybkvxc.agent","311179","56:0x8004a169fb4a3325136eb29fa0ceb6d2e539a432:311179","0xbebc7c245e3418b48e6cc67cee13205b93ef919a","0xbebc7c245e3418b48e6cc67cee13205b93ef919a","A2A","https://platform-backend.prod.termix.live/api/v1/a2a/agents/311179/card","unbound","337","unbound","","https://termix-platform-prod.s3.ap-southeast-1.amazonaws.com/platform/agents/93169d4ec42f28058755f28a79da76d42fd8eb9da372fb7994eb4fe0255838a5.json","","","","2","Registered and discoverable, but never bound to a runtime: the card serves, yet exposes no executable endpoint and no skills. One deploy away from being hireable."
"MEDIUM","unclassified","CryptoAgent.agent","311172","56:0x8004a169fb4a3325136eb29fa0ceb6d2e539a432:311172","0xc64b4f9cee44daee13a49ee228c8fbffdb42398d","0xc64b4f9cee44daee13a49ee228c8fbffdb42398d","A2A","https://platform-backend.prod.termix.live/api/v1/a2a/agents/311172/card","unbound","340","unbound","","https://termix-platform-prod.s3.ap-southeast-1.amazonaws.com/platform/agents/52d52f78a597a58c0a534c14f9b2709ea8d0c41ac97093ab32ceeae0dccf8c3f.json","","","","2","Registered and discoverable, but never bound to a runtime: the card serves, yet exposes no executable endpoint and no skills. One deploy away from being hireable."
"MEDIUM","unclassified","qljhrmxrfy.agent","311163","56:0x8004a169fb4a3325136eb29fa0ceb6d2e539a432:311163","0x7af7438817ff93479efab5ba19242d3aba7f98da","0x7af7438817ff93479efab5ba19242d3aba7f98da","A2A","https://platform-backend.prod.termix.live/api/v1/a2a/agents/311163/card","unbound","349","unbound","","https://termix-platform-prod.s3.ap-southeast-1.amazonaws.com/platform/agents/31ed7f5b9ebeb40f8f292e14fcf807a79bd1d05be6cf6d62ff52204104742130.json","","","","2","Registered and discoverable, but never bound to a runtime: the card serves, yet exposes no executable endpoint and no skills. One deploy away from being hireable."
"MEDIUM","unclassified","pumkuevxsj.agent","311183","56:0x8004a169fb4a3325136eb29fa0ceb6d2e539a432:311183","0xb677f9d7e4437dfde0767ef0a55c215754731a2e","0xb677f9d7e4437dfde0767ef0a55c215754731a2e","A2A","https://platform-backend.prod.termix.live/api/v1/a2a/agents/311183/card","unbound","342","unbound","","https://termix-platform-prod.s3.ap-southeast-1.amazonaws.com/platform/agents/aa56795334277f0c533d8b8c3790039b50964b4f34592dc9b73f4b805d1c675f.json","","","","2","Registered and discoverable, but never bound to a runtime: the card serves, yet exposes no executable endpoint and no skills. One deploy away from being hireable."
"MEDIUM","unclassified","bikttcuwre.agent","311166","56:0x8004a169fb4a3325136eb29fa0ceb6d2e539a432:311166","0x03a9bda21fde939fe69bf53ec7cff3dc9cce140a","0x03a9bda21fde939fe69bf53ec7cff3dc9cce140a","A2A","https://platform-backend.prod.termix.live/api/v1/a2a/agents/311166/card","unbound","343","unbound","","https://termix-platform-prod.s3.ap-southeast-1.amazonaws.com/platform/agents/aa4216cdbd4d89ec4d4f2df9caaf6b84a6b3148ad3647ce8fccb919c9cceb67e.json","","","","2","Registered and discoverable, but never bound to a runtime: the card serves, yet exposes no executable endpoint and no skills. One deploy away from being hireable."
"MEDIUM","unclassified","qcvfdmsnnv.agent","311160","56:0x8004a169fb4a3325136eb29fa0ceb6d2e539a432:311160","0x23426679016bb4695450ff584f8273e6ab4a77da","0x23426679016bb4695450ff584f8273e6ab4a77da","A2A","https://platform-backend.prod.termix.live/api/v1/a2a/agents/311160/card","unbound","350","unbound","","https://termix-platform-prod.s3.ap-southeast-1.amazonaws.com/platform/agents/cf042f47b5e71216f49b29e0f680ada606718ca6048fcfdef3c1a3eeb11d5af8.json","","","","2","Registered and discoverable, but never bound to a runtime: the card serves, yet exposes no executable endpoint and no skills. One deploy away from being hireable."
"MEDIUM","unclassified","jrjhkwtgw.agent","311167","56:0x8004a169fb4a3325136eb29fa0ceb6d2e539a432:311167","0xbfc3c454de9e81a87d3a939b23dcf1805d3c5017","0xbfc3c454de9e81a87d3a939b23dcf1805d3c5017","A2A","https://platform-backend.prod.termix.live/api/v1/a2a/agents/311167/card","unbound","339","unbound","","https://termix-platform-prod.s3.ap-southeast-1.amazonaws.com/platform/agents/d1015717ab06c0b35ff1569cd460cf6322b91356670b8d7335c01a928b86c8c8.json","","","","2","Registered and discoverable, but never bound to a runtime: the card serves, yet exposes no executable endpoint and no skills. One deploy away from being hireable."
"MEDIUM","unclassified","bgtlqvp.agent","311180","56:0x8004a169fb4a3325136eb29fa0ceb6d2e539a432:311180","0xc4d5d163cc0922c8202768f1a36cda67783db590","0xc4d5d163cc0922c8202768f1a36cda67783db590","A2A","https://platform-backend.prod.termix.live/api/v1/a2a/agents/311180/card","unbound","340","unbound","","https://termix-platform-prod.s3.ap-southeast-1.amazonaws.com/platform/agents/eb183e7c9ee653b3bbbc847cfbdeb52f99f25b9a0999a06ae21ccd97f5bc13f5.json","","","","2","Registered and discoverable, but never bound to a runtime: the card serves, yet exposes no executable endpoint and no skills. One deploy away from being hireable."
"MEDIUM","unclassified","fqdxm.agent","311176","56:0x8004a169fb4a3325136eb29fa0ceb6d2e539a432:311176","0x793b0139b7d999289022f6f068ac8e8810bce585","0x793b0139b7d999289022f6f068ac8e8810bce585","A2A","https://platform-backend.prod.termix.live/api/v1/a2a/agents/311176/card","unbound","349","unbound","","https://termix-platform-prod.s3.ap-southeast-1.amazonaws.com/platform/agents/025892c4568491ab69216dc8ae4243ed0511b28a456f731970d7c66f0c6469c3.json","","","","2","Registered and discoverable, but never bound to a runtime: the card serves, yet exposes no executable endpoint and no skills. One deploy away from being hireable."
"MEDIUM","unclassified","biqno.agent","311184","56:0x8004a169fb4a3325136eb29fa0ceb6d2e539a432:311184","0xf634e4fbaeb1d5de34ca43d3fe8089d2ed55858b","0xf634e4fbaeb1d5de34ca43d3fe8089d2ed55858b","A2A","https://platform-backend.prod.termix.live/api/v1/a2a/agents/311184/card","unbound","341","unbound","","https://termix-platform-prod.s3.ap-southeast-1.amazonaws.com/platform/agents/b3ea2c44710415e4c7d6dd7b1ca2649058290c95346d9c272216158c608263ee.json","","","","2","Registered and discoverable, but never bound to a runtime: the card serves, yet exposes no executable endpoint and no skills. One deploy away from being hireable."
"MEDIUM","unclassified","leader971.agent","330895","56:0x8004a169fb4a3325136eb29fa0ceb6d2e539a432:330895","0x6cc78bf787fd3199d1950d1af9af1801524dfe0a","0x6cc78bf787fd3199d1950d1af9af1801524dfe0a","A2A","https://platform-backend.prod.termix.live/api/v1/a2a/agents/330895/card","unbound","341","unbound","","https://termix-platform-prod.s3.ap-southeast-1.amazonaws.com/platform/agents/7b6e29d193cc2d2cee0f9805bdb44ab68221aa4d72f9c8e59e614c2c0798d56e.json","","","","2","Registered and discoverable, but never bound to a runtime: the card serves, yet exposes no executable endpoint and no skills. One deploy away from being hireable."
"MEDIUM","unclassified","arbsgv.agent","311178","56:0x8004a169fb4a3325136eb29fa0ceb6d2e539a432:311178","0xdc471aae1a88908ec321e468c71273c90329a45f","0xdc471aae1a88908ec321e468c71273c90329a45f","A2A","https://platform-backend.prod.termix.live/api/v1/a2a/agents/311178/card","unbound","342","unbound","","https://termix-platform-prod.s3.ap-southeast-1.amazonaws.com/platform/agents/5b9194492fe5e106dd7223c2e307d1f5711ca980afd9448b544560f227c8d5df.json","","","","2","Registered and discoverable, but never bound to a runtime: the card serves, yet exposes no executable endpoint and no skills. One deploy away from being hireable."
"MEDIUM","unclassified","twtdiplttr.agent","311182","56:0x8004a169fb4a3325136eb29fa0ceb6d2e539a432:311182","0x9f772b73973e3ce63251ebd0b897e9d2aa489fad","0x9f772b73973e3ce63251ebd0b897e9d2aa489fad","A2A","https://platform-backend.prod.termix.live/api/v1/a2a/agents/311182/card","unbound","351","unbound","","https://termix-platform-prod.s3.ap-southeast-1.amazonaws.com/platform/agents/3db1f5829f6d9960e87c35be6d614508c9a54cef027540b0d0a1ee53f075bfd5.json","","","","2","Registered and discoverable, but never bound to a runtime: the card serves, yet exposes no executable endpoint and no skills. One deploy away from being hireable."
"MEDIUM","unclassified","mvubl.agent","311177","56:0x8004a169fb4a3325136eb29fa0ceb6d2e539a432:311177","0x26648b7ad6969c8e73e664ef046dd88a1db27280","0x26648b7ad6969c8e73e664ef046dd88a1db27280","A2A","https://platform-backend.prod.termix.live/api/v1/a2a/agents/311177/card","unbound","337","unbound","","https://termix-platform-prod.s3.ap-southeast-1.amazonaws.com/platform/agents/46aabab344998298771f0e54e6959d5e3e1c48ed4b58a0d17743315ba8b31c04.json","","","","2","Registered and discoverable, but never bound to a runtime: the card serves, yet exposes no executable endpoint and no skills. One deploy away from being hireable."
"MEDIUM","unclassified","yongen2.agent","330845","56:0x8004a169fb4a3325136eb29fa0ceb6d2e539a432:330845","0x41a808903318d4a6dac606b01c6b0a8780daceb0","0x41a808903318d4a6dac606b01c6b0a8780daceb0","A2A","https://platform-backend.prod.termix.live/api/v1/a2a/agents/330845/card","unbound","342","unbound","","https://termix-platform-prod.s3.ap-southeast-1.amazonaws.com/platform/agents/6c6184a4ca8ed4951afa5b0d9a0bac12d8653ab63e6ab599411acc7409cf8302.json","","","","2","Registered and discoverable, but never bound to a runtime: the card serves, yet exposes no executable endpoint and no skills. One deploy away from being hireable."
"MEDIUM","unclassified","foxboy.agent","311171","56:0x8004a169fb4a3325136eb29fa0ceb6d2e539a432:311171","0x0b9b0a51719c4a25964abfb9d347ea1b4f117ffa","0x0b9b0a51719c4a25964abfb9d347ea1b4f117ffa","A2A","https://platform-backend.prod.termix.live/api/v1/a2a/agents/311171/card","unbound","338","unbound","","https://termix-platform-prod.s3.ap-southeast-1.amazonaws.com/platform/agents/8432135a9e03b33fdb56fe73582b87cbcf76a615eb2cedb7fcac21422771df4c.json","","","","2","Registered and discoverable, but never bound to a runtime: the card serves, yet exposes no executable endpoint and no skills. One deploy away from being hireable."
"MEDIUM","unclassified","swnahf.agent","311161","56:0x8004a169fb4a3325136eb29fa0ceb6d2e539a432:311161","0xc266633d612efa2e005208ffaea93fcaec903573","0xc266633d612efa2e005208ffaea93fcaec903573","A2A","https://platform-backend.prod.termix.live/api/v1/a2a/agents/311161/card","unbound","333","unbound","","https://termix-platform-prod.s3.ap-southeast-1.amazonaws.com/platform/agents/bbd9aea7cc8d173a6694ea5e9df906ac12436dc7756d6780758b0a0a5cc29a17.json","","","","2","Registered and discoverable, but never bound to a runtime: the card serves, yet exposes no executable endpoint and no skills. One deploy away from being hireable."
"MEDIUM","unclassified","ciciying2.agent","328349","56:0x8004a169fb4a3325136eb29fa0ceb6d2e539a432:328349","0x1477de2476c609e91624e8cc4df6bbb8407eaaa2","0x1477de2476c609e91624e8cc4df6bbb8407eaaa2","A2A","https://platform-backend.prod.termix.live/api/v1/a2a/agents/328349/card","unbound","354","unbound","","https://termix-platform-prod.s3.ap-southeast-1.amazonaws.com/platform/agents/01dc77e194624cfcd7c31cd0d7ee90dccc7bb48a5c1b1f823039b8fe05837d31.json","","","","2","Registered and discoverable, but never bound to a runtime: the card serves, yet exposes no executable endpoint and no skills. One deploy away from being hireable."
"MEDIUM","unclassified","Alvinbanks.agent","328251","56:0x8004a169fb4a3325136eb29fa0ceb6d2e539a432:328251","0xf55d4b5d64bfbbcdef5dc45de73f9a9477c4f291","0xf55d4b5d64bfbbcdef5dc45de73f9a9477c4f291","A2A","https://platform-backend.prod.termix.live/api/v1/a2a/agents/328251/card","unbound","360","unbound","","https://termix-platform-prod.s3.ap-southeast-1.amazonaws.com/platform/agents/ca0abdf468262215286b2daa6c1afe94145c9a78b2534b84252e12869d9c13d1.json","","","","2","Registered and discoverable, but never bound to a runtime: the card serves, yet exposes no executable endpoint and no skills. One deploy away from being hireable."
"MEDIUM","unclassified","ujh.agent","328188","56:0x8004a169fb4a3325136eb29fa0ceb6d2e539a432:328188","0x725e54ce3e14c5e8c0b1a426da1736939dc5360d","0x725e54ce3e14c5e8c0b1a426da1736939dc5360d","A2A","https://platform-backend.prod.termix.live/api/v1/a2a/agents/328188/card","unbound","364","unbound","","https://termix-platform-prod.s3.ap-southeast-1.amazonaws.com/platform/agents/841b17dd1bd1d2c9560fd1bf2674b192f43ba5811d4d67a0d0bf063ec4fc25a6.json","","","","2","Registered and discoverable, but never bound to a runtime: the card serves, yet exposes no executable endpoint and no skills. One deploy away from being hireable."
"MEDIUM","unclassified","X0Raihan01.agent","328255","56:0x8004a169fb4a3325136eb29fa0ceb6d2e539a432:328255","0x347af8a500fedefbc451a40469fe50d6232d0370","0x347af8a500fedefbc451a40469fe50d6232d0370","A2A","https://platform-backend.prod.termix.live/api/v1/a2a/agents/328255/card","unbound","373","unbound","","https://termix-platform-prod.s3.ap-southeast-1.amazonaws.com/platform/agents/1eba1c5579ac8c6c4bfc100687a0b679c1d5a38c1a4fb0ea153b87f73f265662.json","","","","2","Registered and discoverable, but never bound to a runtime: the card serves, yet exposes no executable endpoint and no skills. One deploy away from being hireable."
"MEDIUM","unclassified","Sohana603452.agent","328132","56:0x8004a169fb4a3325136eb29fa0ceb6d2e539a432:328132","0x9b0199711d109b6226db314bde7116e64e0688ec","0x9b0199711d109b6226db314bde7116e64e0688ec","A2A","https://platform-backend.prod.termix.live/api/v1/a2a/agents/328132/card","unbound","349","unbound","","https://termix-platform-prod.s3.ap-southeast-1.amazonaws.com/platform/agents/5ffd3cc74a553c86e499d992fb38bbcae9b5667598f00ff32dfead6521e4e759.json","","","","2","Registered and discoverable, but never bound to a runtime: the card serves, yet exposes no executable endpoint and no skills. One deploy away from being hireable."
"MEDIUM","unclassified","Sohana65.agent","328107","56:0x8004a169fb4a3325136eb29fa0ceb6d2e539a432:328107","0x9b0199711d109b6226db314bde7116e64e0688ec","0x9b0199711d109b6226db314bde7116e64e0688ec","A2A","https://platform-backend.prod.termix.live/api/v1/a2a/agents/328107/card","unbound","345","unbound","","https://termix-platform-prod.s3.ap-southeast-1.amazonaws.com/platform/agents/b64073c125f712cea61a4efc310f0baf49b8323a32ad1a4e70dcb1e398c03fcf.json","","","","2","Registered and discoverable, but never bound to a runtime: the card serves, yet exposes no executable endpoint and no skills. One deploy away from being hireable."
"MEDIUM","unclassified","vft.agent","328377","56:0x8004a169fb4a3325136eb29fa0ceb6d2e539a432:328377","0x4e5e1c2087487bb8ef1540169e9a302700f0e2bd","0x4e5e1c2087487bb8ef1540169e9a302700f0e2bd","A2A","https://platform-backend.prod.termix.live/api/v1/a2a/agents/328377/card","unbound","350","unbound","","https://termix-platform-prod.s3.ap-southeast-1.amazonaws.com/platform/agents/f8c679533a07fdbc12489769900d1dfa6ac0de720884bb3c907a8e10105d9df1.json","","","","2","Registered and discoverable, but never bound to a runtime: the card serves, yet exposes no executable endpoint and no skills. One deploy away from being hireable."
"MEDIUM","unclassified","KmdlCM.agent","329467","56:0x8004a169fb4a3325136eb29fa0ceb6d2e539a432:329467","0xcd252b36fd428697b3cee91343859ff7fa6777f6","0xcd252b36fd428697b3cee91343859ff7fa6777f6","A2A","https://platform-backend.prod.termix.live/api/v1/a2a/agents/329467/card","unbound","338","unbound","","https://termix-platform-prod.s3.ap-southeast-1.amazonaws.com/platform/agents/3954dfe2b5cdebe40d745992043af4424ed85565efd84aee19885aa02dd9dcbf.json","","","","2","Registered and discoverable, but never bound to a runtime: the card serves, yet exposes no executable endpoint and no skills. One deploy away from being hireable."
"MEDIUM","unclassified","JQoCUZ.agent","329435","56:0x8004a169fb4a3325136eb29fa0ceb6d2e539a432:329435","0xbaf1172ab5521fdf3be8f2ac9347f7a9cc089c51","0xbaf1172ab5521fdf3be8f2ac9347f7a9cc089c51","A2A","https://platform-backend.prod.termix.live/api/v1/a2a/agents/329435/card","unbound","338","unbound","","https://termix-platform-prod.s3.ap-southeast-1.amazonaws.com/platform/agents/175ff9a48be02d5bcd3bbdeee3a0a8159306485e101a227a1a53ac4721c32d0b.json","","","","2","Registered and discoverable, but never bound to a runtime: the card serves, yet exposes no executable endpoint and no skills. One deploy away from being hireable."
"MEDIUM","unclassified","Alvintech.agent","328330","56:0x8004a169fb4a3325136eb29fa0ceb6d2e539a432:328330","0xf55d4b5d64bfbbcdef5dc45de73f9a9477c4f291","0xf55d4b5d64bfbbcdef5dc45de73f9a9477c4f291","A2A","https://platform-backend.prod.termix.live/api/v1/a2a/agents/328330/card","unbound","341","unbound","","https://termix-platform-prod.s3.ap-southeast-1.amazonaws.com/platform/agents/82e7a3102fb485431dc0f7375d1153211ab2429e370a501968daacdbc753b857.json","","","","2","Registered and discoverable, but never bound to a runtime: the card serves, yet exposes no executable endpoint and no skills. One deploy away from being hireable."
"MEDIUM","unclassified","ASSisTANT.agent","328259","56:0x8004a169fb4a3325136eb29fa0ceb6d2e539a432:328259","0x4fceb5658e54412172bc9080dcb955d05ae53737","0x4fceb5658e54412172bc9080dcb955d05ae53737","A2A","https://platform-backend.prod.termix.live/api/v1/a2a/agents/328259/card","unbound","357","unbound","","https://termix-platform-prod.s3.ap-southeast-1.amazonaws.com/platform/agents/026440e804be2bee5d4e71bc7c09660e8614ff0d0ba7bf2e680deb7c41932ce6.json","","","","2","Registered and discoverable, but never bound to a runtime: the card serves, yet exposes no executable endpoint and no skills. One deploy away from being hireable."
"MEDIUM","unclassified","X0Raihan.agent","328243","56:0x8004a169fb4a3325136eb29fa0ceb6d2e539a432:328243","0x347af8a500fedefbc451a40469fe50d6232d0370","0x347af8a500fedefbc451a40469fe50d6232d0370","A2A","https://platform-backend.prod.termix.live/api/v1/a2a/agents/328243/card","unbound","356","unbound","","https://termix-platform-prod.s3.ap-southeast-1.amazonaws.com/platform/agents/8c184a4a2528ae4d2bf5b8111db1cbae189e1b62c413211e03d165c79ecd511d.json","","","","2","Registered and discoverable, but never bound to a runtime: the card serves, yet exposes no executable endpoint and no skills. One deploy away from being hireable."
"MEDIUM","unclassified","ciciying.agent","328311","56:0x8004a169fb4a3325136eb29fa0ceb6d2e539a432:328311","0x1477de2476c609e91624e8cc4df6bbb8407eaaa2","0x1477de2476c609e91624e8cc4df6bbb8407eaaa2","A2A","https://platform-backend.prod.termix.live/api/v1/a2a/agents/328311/card","unbound","347","unbound","","https://termix-platform-prod.s3.ap-southeast-1.amazonaws.com/platform/agents/5b2394fbc255bc3a95e8fce1fc845cc3d7bb5350e2d60da195c89c7fc93ec7dd.json","","","","2","Registered and discoverable, but never bound to a runtime: the card serves, yet exposes no executable endpoint and no skills. One deploy away from being hireable."
"MEDIUM","unclassified","oik.agent","328162","56:0x8004a169fb4a3325136eb29fa0ceb6d2e539a432:328162","0x725e54ce3e14c5e8c0b1a426da1736939dc5360d","0x725e54ce3e14c5e8c0b1a426da1736939dc5360d","A2A","https://platform-backend.prod.termix.live/api/v1/a2a/agents/328162/card","unbound","383","unbound","","https://termix-platform-prod.s3.ap-southeast-1.amazonaws.com/platform/agents/93ffd0305026064c10d5923d4f4f68ef42ef6ab238e1d373addd0e0f1a119f17.json","","","","2","Registered and discoverable, but never bound to a runtime: the card serves, yet exposes no executable endpoint and no skills. One deploy away from being hireable."
"MEDIUM","unclassified","ruhul77.agent","328150","56:0x8004a169fb4a3325136eb29fa0ceb6d2e539a432:328150","0x8b31fba186fcd5c6d18a691671371d9135e259ac","0x8b31fba186fcd5c6d18a691671371d9135e259ac","A2A","https://platform-backend.prod.termix.live/api/v1/a2a/agents/328150/card","unbound","346","unbound","","https://termix-platform-prod.s3.ap-southeast-1.amazonaws.com/platform/agents/d69c39698b74c3c0fbe17e2d00e688568f431eeced3a873273ee92eb634361f5.json","","","","2","Registered and discoverable, but never bound to a runtime: the card serves, yet exposes no executable endpoint and no skills. One deploy away from being hireable."
"MEDIUM","security","eth5k.agent","328093","56:0x8004a169fb4a3325136eb29fa0ceb6d2e539a432:328093","0xe1116b8286217f9540f1108fa99b16e3d1a9f0aa","0xe1116b8286217f9540f1108fa99b16e3d1a9f0aa","A2A","https://platform-backend.prod.termix.live/api/v1/a2a/agents/328093/card","unbound","354","unbound","","https://termix-platform-prod.s3.ap-southeast-1.amazonaws.com/platform/agents/b50090af7609125ae88c39babfbf2ad03035bc267a160479be0d9462d5b135ca.json","","","","2","Registered and discoverable, but never bound to a runtime: the card serves, yet exposes no executable endpoint and no skills. One deploy away from being hireable."
"MEDIUM","unclassified","yub.agent","328046","56:0x8004a169fb4a3325136eb29fa0ceb6d2e539a432:328046","0x69fe2bc580ce5b4e53bccd6c6d068fd79111896b","0x69fe2bc580ce5b4e53bccd6c6d068fd79111896b","A2A","https://platform-backend.prod.termix.live/api/v1/a2a/agents/328046/card","unbound","341","unbound","","https://termix-platform-prod.s3.ap-southeast-1.amazonaws.com/platform/agents/205af8ef8421f5e20155596442fb222b76a1c5054710e23ef1aa5fb4e12afbc1.json","","","","2","Registered and discoverable, but never bound to a runtime: the card serves, yet exposes no executable endpoint and no skills. One deploy away from being hireable."
"MEDIUM","unclassified","dfsdg343535.agent","328087","56:0x8004a169fb4a3325136eb29fa0ceb6d2e539a432:328087","0x9e8dbc5c52256de785f57b59ad70cd2e141feedd","0x9e8dbc5c52256de785f57b59ad70cd2e141feedd","A2A","https://platform-backend.prod.termix.live/api/v1/a2a/agents/328087/card","unbound","349","unbound","","https://termix-platform-prod.s3.ap-southeast-1.amazonaws.com/platform/agents/85535adf741bf14bb45ae4332fe72400490aceba0be4baf05cf7a503e317be30.json","","","","2","Registered and discoverable, but never bound to a runtime: the card serves, yet exposes no executable endpoint and no skills. One deploy away from being hireable."
"MEDIUM","unclassified","web5.agent","328044","56:0x8004a169fb4a3325136eb29fa0ceb6d2e539a432:328044","0x69fe2bc580ce5b4e53bccd6c6d068fd79111896b","0x69fe2bc580ce5b4e53bccd6c6d068fd79111896b","A2A","https://platform-backend.prod.termix.live/api/v1/a2a/agents/328044/card","unbound","336","unbound","","https://termix-platform-prod.s3.ap-southeast-1.amazonaws.com/platform/agents/c3d37c184f44f12ff44a9ea55bb0f857ab874e80e05959fbe6e110b9f0d02e3b.json","","","","2","Registered and discoverable, but never bound to a runtime: the card serves, yet exposes no executable endpoint and no skills. One deploy away from being hireable."
"LOW","unclassified","emorywilliams41.agent","327966","56:0x8004a169fb4a3325136eb29fa0ceb6d2e539a432:327966","0xc017ddaa2503393cfc1a17b8feb861bc5ee3b530","0xc017ddaa2503393cfc1a17b8feb861bc5ee3b530","A2A","https://platform-backend.prod.termix.live/api/v1/a2a/agents/327966/card","dead","8001","timeout","","https://termix-platform-prod.s3.ap-southeast-1.amazonaws.com/platform/agents/bb9a6663c52874fd6721955b1052ad72c9f9e455571eef5a395f320042d091ae.json","","","","2","Declared endpoint does not respond (timeout). Either the host is gone or the URL in their registry metadata is stale — worth telling them, since it is invisible from their side."
"MEDIUM","unclassified","p21u9e664.agent","327898","56:0x8004a169fb4a3325136eb29fa0ceb6d2e539a432:327898","0xa9c5b408a6a424fd23bb08a4945f03e461b1dd2f","0xa9c5b408a6a424fd23bb08a4945f03e461b1dd2f","A2A","https://platform-backend.prod.termix.live/api/v1/a2a/agents/327898/card","unbound","342","unbound","","https://termix-platform-prod.s3.ap-southeast-1.amazonaws.com/platform/agents/41b1ff7b38c2de9b83722439dda3b138b54573e779deb91daa3166b66d7eb904.json","","","","2","Registered and discoverable, but never bound to a runtime: the card serves, yet exposes no executable endpoint and no skills. One deploy away from being hireable."
"MEDIUM","unclassified","sol1k.agent","328101","56:0x8004a169fb4a3325136eb29fa0ceb6d2e539a432:328101","0xe1116b8286217f9540f1108fa99b16e3d1a9f0aa","0xe1116b8286217f9540f1108fa99b16e3d1a9f0aa","A2A","https://platform-backend.prod.termix.live/api/v1/a2a/agents/328101/card","unbound","349","unbound","","https://termix-platform-prod.s3.ap-southeast-1.amazonaws.com/platform/agents/fb55372c2ed23823c2e3aa4eda9960da8f21c5d61f42ae00f20a2250936a0088.json","","","","2","Registered and discoverable, but never bound to a runtime: the card serves, yet exposes no executable endpoint and no skills. One deploy away from being hireable."
"MEDIUM","unclassified","cosy.agent","328134","56:0x8004a169fb4a3325136eb29fa0ceb6d2e539a432:328134","0x5f7a9d511976f7008f6161cc75f2c924bde1bb0f","0x5f7a9d511976f7008f6161cc75f2c924bde1bb0f","A2A","https://platform-backend.prod.termix.live/api/v1/a2a/agents/328134/card","unbound","345","unbound","","https://termix-platform-prod.s3.ap-southeast-1.amazonaws.com/platform/agents/7684ce826d0993ef37d2e1dea8ca3df80363ea2991d170a196142fa66cba0842.json","","","","2","Registered and discoverable, but never bound to a runtime: the card serves, yet exposes no executable endpoint and no skills. One deploy away from being hireable."
"MEDIUM","unclassified","goffgoldman44.agent","327992","56:0x8004a169fb4a3325136eb29fa0ceb6d2e539a432:327992","0xfc1e6f82217babe33907cfb6cba9a70a5e7b774d","0xfc1e6f82217babe33907cfb6cba9a70a5e7b774d","A2A","https://platform-backend.prod.termix.live/api/v1/a2a/agents/327992/card","unbound","342","unbound","","https://termix-platform-prod.s3.ap-southeast-1.amazonaws.com/platform/agents/c09a220085f2cf23e01842a80e79082604ad6b66cf3187447b51f6b21e636135.json","","","","2","Registered and discoverable, but never bound to a runtime: the card serves, yet exposes no executable endpoint and no skills. One deploy away from being hireable."
"MEDIUM","unclassified","grayceharod.agent","328043","56:0x8004a169fb4a3325136eb29fa0ceb6d2e539a432:328043","0xe31644acfa08cee7e85770c2f5b36e9949f4514d","0xe31644acfa08cee7e85770c2f5b36e9949f4514d","A2A","https://platform-backend.prod.termix.live/api/v1/a2a/agents/328043/card","unbound","338","unbound","","https://termix-platform-prod.s3.ap-southeast-1.amazonaws.com/platform/agents/27cc746b17509dbd56f2be2f64e6598fbaa6eaf909c1c54b598f5ab2d6f77327.json","","","","2","Registered and discoverable, but never bound to a runtime: the card serves, yet exposes no executable endpoint and no skills. One deploy away from being hireable."
"LOW","unclassified","weingartenhodgkinson.agent","328025","56:0x8004a169fb4a3325136eb29fa0ceb6d2e539a432:328025","0x5dff9bcbd557f3e28cb65fad16a8a10734a12b09","0x5dff9bcbd557f3e28cb65fad16a8a10734a12b09","A2A","https://platform-backend.prod.termix.live/api/v1/a2a/agents/328025/card","dead","7999","timeout","","https://termix-platform-prod.s3.ap-southeast-1.amazonaws.com/platform/agents/e8d4d4848b54485a91559efb7d0c06d9628526bf0aaf3c3572887cde64362687.json","","","","2","Declared endpoint does not respond (timeout). Either the host is gone or the URL in their registry metadata is stale — worth telling them, since it is invisible from their side."
"LOW","unclassified","lumingxi2025.agent","328007","56:0x8004a169fb4a3325136eb29fa0ceb6d2e539a432:328007","0x2bead750c6648512d808d84506e5b7a70e4778ba","0x2bead750c6648512d808d84506e5b7a70e4778ba","A2A","https://platform-backend.prod.termix.live/api/v1/a2a/agents/328007/card","dead","8001","timeout","","https://termix-platform-prod.s3.ap-southeast-1.amazonaws.com/platform/agents/6f07c958d30961751107ba3e7e44bd38bf3b88fce5d5bc81798212d65e79b4f2.json","","","","2","Declared endpoint does not respond (timeout). Either the host is gone or the URL in their registry metadata is stale — worth telling them, since it is invisible from their side."
"LOW","unclassified","borlan634.agent","328024","56:0x8004a169fb4a3325136eb29fa0ceb6d2e539a432:328024","0x0031dba3cfef44f5444ab5e393ca61127ac5e45e","0x0031dba3cfef44f5444ab5e393ca61127ac5e45e","A2A","https://platform-backend.prod.termix.live/api/v1/a2a/agents/328024/card","dead","8000","timeout","","https://termix-platform-prod.s3.ap-southeast-1.amazonaws.com/platform/agents/cb10e5f74bf1e49ff45ff1368451b1da6c500d0eb3745d65d89c395a884c02d8.json","","","","2","Declared endpoint does not respond (timeout). Either the host is gone or the URL in their registry metadata is stale — worth telling them, since it is invisible from their side."
"MEDIUM","unclassified","lumingxi.agent","327982","56:0x8004a169fb4a3325136eb29fa0ceb6d2e539a432:327982","0x2bead750c6648512d808d84506e5b7a70e4778ba","0x2bead750c6648512d808d84506e5b7a70e4778ba","A2A","https://platform-backend.prod.termix.live/api/v1/a2a/agents/327982/card","unbound","354","unbound","","https://termix-platform-prod.s3.ap-southeast-1.amazonaws.com/platform/agents/e2a978833150e132dcea246e39b895000aa26a3a30a1c0050e3d991894f77ca1.json","","","","2","Registered and discoverable, but never bound to a runtime: the card serves, yet exposes no executable endpoint and no skills. One deploy away from being hireable."
"LOW","unclassified","deonkramer532.agent","327931","56:0x8004a169fb4a3325136eb29fa0ceb6d2e539a432:327931","0x5ba448422b146ba307486002443a217bb6229ed0","0x5ba448422b146ba307486002443a217bb6229ed0","A2A","https://platform-backend.prod.termix.live/api/v1/a2a/agents/327931/card","dead","8001","timeout","","https://termix-platform-prod.s3.ap-southeast-1.amazonaws.com/platform/agents/b5248be92adbe7e4f32b8b3076db99ccb4b70f82539921a01c5f1be332bbad99.json","","","","2","Declared endpoint does not respond (timeout). Either the host is gone or the URL in their registry metadata is stale — worth telling them, since it is invisible from their side."
"LOW","unclassified","laisazaliza.agent","327929","56:0x8004a169fb4a3325136eb29fa0ceb6d2e539a432:327929","0xf7a7a5020678b34284007fbce47de7ca408b330c","0xf7a7a5020678b34284007fbce47de7ca408b330c","A2A","https://platform-backend.prod.termix.live/api/v1/a2a/agents/327929/card","dead","8001","timeout","","https://termix-platform-prod.s3.ap-southeast-1.amazonaws.com/platform/agents/7ecae501d186b9655ef5b119d06e46a7572aaec56a8732b28bbdf2cbbf3e4192.json","","","","2","Declared endpoint does not respond (timeout). Either the host is gone or the URL in their registry metadata is stale — worth telling them, since it is invisible from their side."
"LOW","unclassified","vickickim624.agent","327909","56:0x8004a169fb4a3325136eb29fa0ceb6d2e539a432:327909","0x7692251711f45107e1d328a4289dde5c3378047e","0x7692251711f45107e1d328a4289dde5c3378047e","A2A","https://platform-backend.prod.termix.live/api/v1/a2a/agents/327909/card","dead","8001","timeout","","https://termix-platform-prod.s3.ap-southeast-1.amazonaws.com/platform/agents/8be67b264ae8a7a294820676fa4b3bf767a1aa3c0b15207eda6dee8cc33f0ed5.json","","","","2","Declared endpoint does not respond (timeout). Either the host is gone or the URL in their registry metadata is stale — worth telling them, since it is invisible from their side."
"MEDIUM","unclassified","nisoehsgdiehsi.agent","327906","56:0x8004a169fb4a3325136eb29fa0ceb6d2e539a432:327906","0x758e01bc97f62810d38871b09748eada633c7379","0x758e01bc97f62810d38871b09748eada633c7379","A2A","https://platform-backend.prod.termix.live/api/v1/a2a/agents/327906/card","unbound","342","unbound","","https://termix-platform-prod.s3.ap-southeast-1.amazonaws.com/platform/agents/c89a9fd8caa057eca0f9b0ca0dc279703b2acb1a5b240b2355230033a1e2a391.json","","","","2","Registered and discoverable, but never bound to a runtime: the card serves, yet exposes no executable endpoint and no skills. One deploy away from being hireable."
"MEDIUM","unclassified","cisreal513.agent","327908","56:0x8004a169fb4a3325136eb29fa0ceb6d2e539a432:327908","0xeb1d48b5872d84a6114171ec4025a5344dfa4ace","0xeb1d48b5872d84a6114171ec4025a5344dfa4ace","A2A","https://platform-backend.prod.termix.live/api/v1/a2a/agents/327908/card","unbound","336","unbound","","https://termix-platform-prod.s3.ap-southeast-1.amazonaws.com/platform/agents/34b852a85eb54a270a012212e9a4a55a8a7aac42ef780378b9469347e6b5aa0b.json","","","","2","Registered and discoverable, but never bound to a runtime: the card serves, yet exposes no executable endpoint and no skills. One deploy away from being hireable."
"MEDIUM","unclassified","xiaoxin_ETH.agent","327896","56:0x8004a169fb4a3325136eb29fa0ceb6d2e539a432:327896","0x32bf8406524f315d7166bab6b465dd8bb6740115","0x32bf8406524f315d7166bab6b465dd8bb6740115","A2A","https://platform-backend.prod.termix.live/api/v1/a2a/agents/327896/card","unbound","348","unbound","","https://termix-platform-prod.s3.ap-southeast-1.amazonaws.com/platform/agents/fd84db32fd44173930bd5781a250b00816a33e90d31df8728b594c0de781c711.json","","","","2","Registered and discoverable, but never bound to a runtime: the card serves, yet exposes no executable endpoint and no skills. One deploy away from being hireable."
"MEDIUM","unclassified","unick.agent","328155","56:0x8004a169fb4a3325136eb29fa0ceb6d2e539a432:328155","0x8b31fba186fcd5c6d18a691671371d9135e259ac","0x8b31fba186fcd5c6d18a691671371d9135e259ac","A2A","https://platform-backend.prod.termix.live/api/v1/a2a/agents/328155/card","unbound","372","unbound","","https://termix-platform-prod.s3.ap-southeast-1.amazonaws.com/platform/agents/2cee0473199e625984692c29927d6af4e3a1126c43c45fba21120bea8eca97f1.json","","","","2","Registered and discoverable, but never bound to a runtime: the card serves, yet exposes no executable endpoint and no skills. One deploy away from being hireable."
"MEDIUM","unclassified","poloo.agent","327662","56:0x8004a169fb4a3325136eb29fa0ceb6d2e539a432:327662","0x7fb1b28d66634106963c190aa99e779cd0dc779c","0x7fb1b28d66634106963c190aa99e779cd0dc779c","A2A","https://platform-backend.prod.termix.live/api/v1/a2a/agents/327662/card","unbound","339","unbound","","https://termix-platform-prod.s3.ap-southeast-1.amazonaws.com/platform/agents/64c9af7f80fa04364d97f51e1cf0ef4d246b8ea8500d194c13df117f9822229c.json","","","","2","Registered and discoverable, but never bound to a runtime: the card serves, yet exposes no executable endpoint and no skills. One deploy away from being hireable."
"MEDIUM","unclassified","DBeausse85565_P.agent","327492","56:0x8004a169fb4a3325136eb29fa0ceb6d2e539a432:327492","0x27ac802f11a638281cd11b1bb600a4305eb28457","0x27ac802f11a638281cd11b1bb600a4305eb28457","A2A","https://platform-backend.prod.termix.live/api/v1/a2a/agents/327492/card","unbound","339","unbound","","https://termix-platform-prod.s3.ap-southeast-1.amazonaws.com/platform/agents/28b3998e2f9d686ddd65694835a5deba75d0b491518f421d325db43a1cbea836.json","","","","2","Registered and discoverable, but never bound to a runtime: the card serves, yet exposes no executable endpoint and no skills. One deploy away from being hireable."
"MEDIUM","unclassified","nova96047.agent","327930","56:0x8004a169fb4a3325136eb29fa0ceb6d2e539a432:327930","0x18afc12bf998e96789219c66137b4470619ccf9a","0x18afc12bf998e96789219c66137b4470619ccf9a","A2A","https://platform-backend.prod.termix.live/api/v1/a2a/agents/327930/card","unbound","345","unbound","","https://termix-platform-prod.s3.ap-southeast-1.amazonaws.com/platform/agents/278570d165b5b6938f69dd2e79630770b1706a6dd8f4bf2c7a08ac980e8956f3.json","","","","2","Registered and discoverable, but never bound to a runtime: the card serves, yet exposes no executable endpoint and no skills. One deploy away from being hireable."
"MEDIUM","unclassified","aaaaaa.agent","327897","56:0x8004a169fb4a3325136eb29fa0ceb6d2e539a432:327897","0xe2006837e87d9c602db597b2c97b158704c72ac9","0xe2006837e87d9c602db597b2c97b158704c72ac9","A2A","https://platform-backend.prod.termix.live/api/v1/a2a/agents/327897/card","unbound","371","unbound","","https://termix-platform-prod.s3.ap-southeast-1.amazonaws.com/platform/agents/d3d75b2e8a7c3e139952364c75a12d23f4a5707f148217b6c09a244681f27618.json","","","","2","Registered and discoverable, but never bound to a runtime: the card serves, yet exposes no executable endpoint and no skills. One deploy away from being hireable."
"MEDIUM","unclassified","yiyisu333.agent","327890","56:0x8004a169fb4a3325136eb29fa0ceb6d2e539a432:327890","0x18c7297bbafa90ff4d70201d612830976bc60f56","0x18c7297bbafa90ff4d70201d612830976bc60f56","A2A","https://platform-backend.prod.termix.live/api/v1/a2a/agents/327890/card","unbound","337","unbound","","https://termix-platform-prod.s3.ap-southeast-1.amazonaws.com/platform/agents/c63e94cb99869a76667f3b4adea8295992c99ce51f2a92011e00a0dabd6b4a3a.json","","","","2","Registered and discoverable, but never bound to a runtime: the card serves, yet exposes no executable endpoint and no skills. One deploy away from being hireable."
"MEDIUM","unclassified","hengzhang2222.agent","327895","56:0x8004a169fb4a3325136eb29fa0ceb6d2e539a432:327895","0x50a0df6912d2efc9ed4a6a2771c54ef96b13b0af","0x50a0df6912d2efc9ed4a6a2771c54ef96b13b0af","A2A","https://platform-backend.prod.termix.live/api/v1/a2a/agents/327895/card","unbound","341","unbound","","https://termix-platform-prod.s3.ap-southeast-1.amazonaws.com/platform/agents/ce4186b3bbcde4911b2c894e80ac9c58188d57da3e72a6bb05b8fb40ac93582c.json","","","","2","Registered and discoverable, but never bound to a runtime: the card serves, yet exposes no executable endpoint and no skills. One deploy away from being hireable."
"MEDIUM","unclassified","makaylaadrian347.agent","327884","56:0x8004a169fb4a3325136eb29fa0ceb6d2e539a432:327884","0x8386e64f2a4e52fb5253602692016feeee738a26","0x8386e64f2a4e52fb5253602692016feeee738a26","A2A","https://platform-backend.prod.termix.live/api/v1/a2a/agents/327884/card","unbound","338","unbound","","https://termix-platform-prod.s3.ap-southeast-1.amazonaws.com/platform/agents/88e490f8315de41f12d012f900414d5a94c65da73ca3609e116f8678ef2eeecc.json","","","","2","Registered and discoverable, but never bound to a runtime: the card serves, yet exposes no executable endpoint and no skills. One deploy away from being hireable."
"MEDIUM","unclassified","s23d23ffgsq.agent","327879","56:0x8004a169fb4a3325136eb29fa0ceb6d2e539a432:327879","0xe2006837e87d9c602db597b2c97b158704c72ac9","0xe2006837e87d9c602db597b2c97b158704c72ac9","A2A","https://platform-backend.prod.termix.live/api/v1/a2a/agents/327879/card","unbound","346","unbound","","https://termix-platform-prod.s3.ap-southeast-1.amazonaws.com/platform/agents/6959d4f99163714d046c35651c2270b76297c07dad9645fe2a9ae6822b7569d4.json","","","","2","Registered and discoverable, but never bound to a runtime: the card serves, yet exposes no executable endpoint and no skills. One deploy away from being hireable."
"MEDIUM","unclassified","JamieSm36418739.agent","327354","56:0x8004a169fb4a3325136eb29fa0ceb6d2e539a432:327354","0x411a2be5d60086152ef1b0049a574d9633b566c2","0x411a2be5d60086152ef1b0049a574d9633b566c2","A2A","https://platform-backend.prod.termix.live/api/v1/a2a/agents/327354/card","unbound","337","unbound","","https://termix-platform-prod.s3.ap-southeast-1.amazonaws.com/platform/agents/3d83132caa1c7afd479a81f7757f836fe6b6d98e62d7e2cc4c2b83c6981b7f7d.json","","","","2","Registered and discoverable, but never bound to a runtime: the card serves, yet exposes no executable endpoint and no skills. One deploy away from being hireable."
"MEDIUM","unclassified","JamieSm36418739_P.agent","327382","56:0x8004a169fb4a3325136eb29fa0ceb6d2e539a432:327382","0x411a2be5d60086152ef1b0049a574d9633b566c2","0x411a2be5d60086152ef1b0049a574d9633b566c2","A2A","https://platform-backend.prod.termix.live/api/v1/a2a/agents/327382/card","unbound","340","unbound","","https://termix-platform-prod.s3.ap-southeast-1.amazonaws.com/platform/agents/ef0521a960534f9306c1033617544bc0962d02cd73ae8663289839e8abc392d8.json","","","","2","Registered and discoverable, but never bound to a runtime: the card serves, yet exposes no executable endpoint and no skills. One deploy away from being hireable."
"MEDIUM","unclassified","KimRay759617_P.agent","327374","56:0x8004a169fb4a3325136eb29fa0ceb6d2e539a432:327374","0xfad395a8348a73bd5b1b678334edbef697cca8ce","0xfad395a8348a73bd5b1b678334edbef697cca8ce","A2A","https://platform-backend.prod.termix.live/api/v1/a2a/agents/327374/card","unbound","342","unbound","","https://termix-platform-prod.s3.ap-southeast-1.amazonaws.com/platform/agents/c05112c840fe54153e9dcfdff9d45a4fbd1162571a7cb53736a708ed0f888f41.json","","","","2","Registered and discoverable, but never bound to a runtime: the card serves, yet exposes no executable endpoint and no skills. One deploy away from being hireable."
"MEDIUM","unclassified","LindaRomer18953_P.agent","327353","56:0x8004a169fb4a3325136eb29fa0ceb6d2e539a432:327353","0x0cadd08499cc3a6e809ab1f3fdb6d872fb675da2","0x0cadd08499cc3a6e809ab1f3fdb6d872fb675da2","A2A","https://platform-backend.prod.termix.live/api/v1/a2a/agents/327353/card","unbound","347","unbound","","https://termix-platform-prod.s3.ap-southeast-1.amazonaws.com/platform/agents/e7014b0f8541043430106dd29234c6bbe55b9000f7add13934e24da60c8ac3e5.json","","","","2","Registered and discoverable, but never bound to a runtime: the card serves, yet exposes no executable endpoint and no skills. One deploy away from being hireable."
"MEDIUM","unclassified","KlimekMoll5427.agent","327265","56:0x8004a169fb4a3325136eb29fa0ceb6d2e539a432:327265","0x60118bc6f02e1708768852d3163d061ad3f52764","0x60118bc6f02e1708768852d3163d061ad3f52764","A2A","https://platform-backend.prod.termix.live/api/v1/a2a/agents/327265/card","unbound","349","unbound","","https://termix-platform-prod.s3.ap-southeast-1.amazonaws.com/platform/agents/8172c84b08e8734bf5cc2d7739d4da26ce5067020884ff90f587fef2a57bc489.json","","","","2","Registered and discoverable, but never bound to a runtime: the card serves, yet exposes no executable endpoint and no skills. One deploy away from being hireable."
"MEDIUM","unclassified","DebbieWils53510_P.agent","327252","56:0x8004a169fb4a3325136eb29fa0ceb6d2e539a432:327252","0xb761dab5d13f787e3405b8c7cfb9ac7b63a41fb5","0xb761dab5d13f787e3405b8c7cfb9ac7b63a41fb5","A2A","https://platform-backend.prod.termix.live/api/v1/a2a/agents/327252/card","unbound","339","unbound","","https://termix-platform-prod.s3.ap-southeast-1.amazonaws.com/platform/agents/9693dd06363abdfe9dd360e51836445ea24f8e23e9d325c398fd726214013f52.json","","","","2","Registered and discoverable, but never bound to a runtime: the card serves, yet exposes no executable endpoint and no skills. One deploy away from being hireable."
"MEDIUM","unclassified","KristinMar12096.agent","327263","56:0x8004a169fb4a3325136eb29fa0ceb6d2e539a432:327263","0x1d1ec60352976cf99dd8ad38a85b1de322f5e1b2","0x1d1ec60352976cf99dd8ad38a85b1de322f5e1b2","A2A","https://platform-backend.prod.termix.live/api/v1/a2a/agents/327263/card","unbound","338","unbound","","https://termix-platform-prod.s3.ap-southeast-1.amazonaws.com/platform/agents/6a0a7d247975f78d9d9b5085fdca706859d360bc513a808087262ede12d8da4a.json","","","","2","Registered and discoverable, but never bound to a runtime: the card serves, yet exposes no executable endpoint and no skills. One deploy away from being hireable."
"MEDIUM","unclassified","bell_jenni55793.agent","327227","56:0x8004a169fb4a3325136eb29fa0ceb6d2e539a432:327227","0xc0c2960a68c60c3667beca9e483481acbd165681","0xc0c2960a68c60c3667beca9e483481acbd165681","A2A","https://platform-backend.prod.termix.live/api/v1/a2a/agents/327227/card","unbound","346","unbound","","https://termix-platform-prod.s3.ap-southeast-1.amazonaws.com/platform/agents/e66f1df1d23c8f6c98fb9acf6db0b8f455376d0e31f09134e9b3c5e815e59def.json","","","","2","Registered and discoverable, but never bound to a runtime: the card serves, yet exposes no executable endpoint and no skills. One deploy away from being hireable."
"LOW","unclassified","nelson_can66368_P.agent","327210","56:0x8004a169fb4a3325136eb29fa0ceb6d2e539a432:327210","0xd8938a31eb5db05a8abe910125d2ac05023324a0","0xd8938a31eb5db05a8abe910125d2ac05023324a0","A2A","https://platform-backend.prod.termix.live/api/v1/a2a/agents/327210/card","dead","8001","timeout","","https://termix-platform-prod.s3.ap-southeast-1.amazonaws.com/platform/agents/82217f1ab0d98a57179e5a21b81ed4452f65993716298f39b3cb18d5520f9f20.json","","","","2","Declared endpoint does not respond (timeout). Either the host is gone or the URL in their registry metadata is stale — worth telling them, since it is invisible from their side."
"MEDIUM","unclassified","KristenYou2429.agent","327198","56:0x8004a169fb4a3325136eb29fa0ceb6d2e539a432:327198","0x657f111bd6b98297ecd3abb067a83f890d0677ac","0x657f111bd6b98297ecd3abb067a83f890d0677ac","A2A","https://platform-backend.prod.termix.live/api/v1/a2a/agents/327198/card","unbound","342","unbound","","https://termix-platform-prod.s3.ap-southeast-1.amazonaws.com/platform/agents/4c66a4a4de546fd26d1010ffbf1e76fd409390588363b55ea326fecb8751fe22.json","","","","2","Registered and discoverable, but never bound to a runtime: the card serves, yet exposes no executable endpoint and no skills. One deploy away from being hireable."
"MEDIUM","unclassified","LindaRomer18953.agent","327193","56:0x8004a169fb4a3325136eb29fa0ceb6d2e539a432:327193","0x0cadd08499cc3a6e809ab1f3fdb6d872fb675da2","0x0cadd08499cc3a6e809ab1f3fdb6d872fb675da2","A2A","https://platform-backend.prod.termix.live/api/v1/a2a/agents/327193/card","unbound","343","unbound","","https://termix-platform-prod.s3.ap-southeast-1.amazonaws.com/platform/agents/37735287d7b09e026833f9b5756a5aceafaeeda47026a1ef36c7e1dedaee6cae.json","","","","2","Registered and discoverable, but never bound to a runtime: the card serves, yet exposes no executable endpoint and no skills. One deploy away from being hireable."
"MEDIUM","unclassified","nelson_can66368.agent","327197","56:0x8004a169fb4a3325136eb29fa0ceb6d2e539a432:327197","0xd8938a31eb5db05a8abe910125d2ac05023324a0","0xd8938a31eb5db05a8abe910125d2ac05023324a0","A2A","https://platform-backend.prod.termix.live/api/v1/a2a/agents/327197/card","unbound","352","unbound","","https://termix-platform-prod.s3.ap-southeast-1.amazonaws.com/platform/agents/fcd200d78dac6a75b7324a5ade36d9119a320df7a183a9892287c4c84f652a59.json","","","","2","Registered and discoverable, but never bound to a runtime: the card serves, yet exposes no executable endpoint and no skills. One deploy away from being hireable."
"LOW","unclassified","ReevesLour11853_P.agent","327172","56:0x8004a169fb4a3325136eb29fa0ceb6d2e539a432:327172","0x01d367d91e012f8ca182deb71ec209b8f00d742a","0x01d367d91e012f8ca182deb71ec209b8f00d742a","A2A","https://platform-backend.prod.termix.live/api/v1/a2a/agents/327172/card","dead","8002","timeout","","https://termix-platform-prod.s3.ap-southeast-1.amazonaws.com/platform/agents/8ddc61eb7d312e9f8e961671dcd31e04dc4e543e4459fdbba9caf467bde26322.json","","","","2","Declared endpoint does not respond (timeout). Either the host is gone or the URL in their registry metadata is stale — worth telling them, since it is invisible from their side."
"LOW","unclassified","HeidiFord12763_Cline.agent","327170","56:0x8004a169fb4a3325136eb29fa0ceb6d2e539a432:327170","0xb796e8a63871cd02781bcec0b746b35e3c3a3edb","0xb796e8a63871cd02781bcec0b746b35e3c3a3edb","A2A","https://platform-backend.prod.termix.live/api/v1/a2a/agents/327170/card","dead","8002","timeout","","https://termix-platform-prod.s3.ap-southeast-1.amazonaws.com/platform/agents/9eb1dae1b1bce9b9f12336fc76fb5bdb3394cd5cbe6569c49d4dfbe6009366d2.json","","","","2","Declared endpoint does not respond (timeout). Either the host is gone or the URL in their registry metadata is stale — worth telling them, since it is invisible from their side."
"MEDIUM","unclassified","MarquezCar59362_P.agent","327186","56:0x8004a169fb4a3325136eb29fa0ceb6d2e539a432:327186","0x79b2bc861063bc46247472e435adbef7d03e9824","0x79b2bc861063bc46247472e435adbef7d03e9824","A2A","https://platform-backend.prod.termix.live/api/v1/a2a/agents/327186/card","unbound","352","unbound","","https://termix-platform-prod.s3.ap-southeast-1.amazonaws.com/platform/agents/0a982534eb7411c44051c4dd8138045166b78ed830fb10bfa37d41874035d418.json","","","","2","Registered and discoverable, but never bound to a runtime: the card serves, yet exposes no executable endpoint and no skills. One deploy away from being hireable."
"LOW","unclassified","LTurschner30296.agent","327182","56:0x8004a169fb4a3325136eb29fa0ceb6d2e539a432:327182","0x33c7d64e459b2e18993187fc920056e6384fce12","0x33c7d64e459b2e18993187fc920056e6384fce12","A2A","https://platform-backend.prod.termix.live/api/v1/a2a/agents/327182/card","dead","8000","timeout","","https://termix-platform-prod.s3.ap-southeast-1.amazonaws.com/platform/agents/94df79efb9c9a0be744541fd5409bec096fc814e6dcfb97a9cdc839698639f1b.json","","","","2","Declared endpoint does not respond (timeout). Either the host is gone or the URL in their registry metadata is stale — worth telling them, since it is invisible from their side."
"MEDIUM","unclassified","lauren_tho19891_P.agent","327343","56:0x8004a169fb4a3325136eb29fa0ceb6d2e539a432:327343","0xf753cf32c72d1e30470706097d6c1f17d49f4702","0xf753cf32c72d1e30470706097d6c1f17d49f4702","A2A","https://platform-backend.prod.termix.live/api/v1/a2a/agents/327343/card","unbound","348","unbound","","https://termix-platform-prod.s3.ap-southeast-1.amazonaws.com/platform/agents/dcfb00869e2876abff50467c0212441f206640f5e653ed31467931d843ee4614.json","","","","2","Registered and discoverable, but never bound to a runtime: the card serves, yet exposes no executable endpoint and no skills. One deploy away from being hireable."
"MEDIUM","unclassified","KimRay759617.agent","327351","56:0x8004a169fb4a3325136eb29fa0ceb6d2e539a432:327351","0xfad395a8348a73bd5b1b678334edbef697cca8ce","0xfad395a8348a73bd5b1b678334edbef697cca8ce","A2A","https://platform-backend.prod.termix.live/api/v1/a2a/agents/327351/card","unbound","352","unbound","","https://termix-platform-prod.s3.ap-southeast-1.amazonaws.com/platform/agents/7327ae829ea241f0e93124acabbf6fcca4cdc7def0b39c8badc81eab4e2a6acc.json","","","","2","Registered and discoverable, but never bound to a runtime: the card serves, yet exposes no executable endpoint and no skills. One deploy away from being hireable."
"MEDIUM","unclassified","lauren_tho19891.agent","327313","56:0x8004a169fb4a3325136eb29fa0ceb6d2e539a432:327313","0xf753cf32c72d1e30470706097d6c1f17d49f4702","0xf753cf32c72d1e30470706097d6c1f17d49f4702","A2A","https://platform-backend.prod.termix.live/api/v1/a2a/agents/327313/card","unbound","340","unbound","","https://termix-platform-prod.s3.ap-southeast-1.amazonaws.com/platform/agents/340e46985083f48ae61fe1fb2f8ebe10a8df1622db6a2c9611d6f3417ca39977.json","","","","2","Registered and discoverable, but never bound to a runtime: the card serves, yet exposes no executable endpoint and no skills. One deploy away from being hireable."
"MEDIUM","unclassified","AngelinaJo68063_P.agent","327332","56:0x8004a169fb4a3325136eb29fa0ceb6d2e539a432:327332","0x6c8d66225aa487bdac6dbce683829e61040dc67b","0x6c8d66225aa487bdac6dbce683829e61040dc67b","A2A","https://platform-backend.prod.termix.live/api/v1/a2a/agents/327332/card","unbound","338","unbound","","https://termix-platform-prod.s3.ap-southeast-1.amazonaws.com/platform/agents/7b7fe0bf1d4302d102cc324778b0c8686a402ba668891aa3d8c4bcb8dfe8f6b2.json","","","","2","Registered and discoverable, but never bound to a runtime: the card serves, yet exposes no executable endpoint and no skills. One deploy away from being hireable."
"MEDIUM","unclassified","AngelinaJo68063.agent","327306","56:0x8004a169fb4a3325136eb29fa0ceb6d2e539a432:327306","0x6c8d66225aa487bdac6dbce683829e61040dc67b","0x6c8d66225aa487bdac6dbce683829e61040dc67b","A2A","https://platform-backend.prod.termix.live/api/v1/a2a/agents/327306/card","unbound","336","unbound","","https://termix-platform-prod.s3.ap-southeast-1.amazonaws.com/platform/agents/a96bbd0bb807f960d939f9e747c585a1ecbe6f3862db8105915930744059d9f9.json","","","","2","Registered and discoverable, but never bound to a runtime: the card serves, yet exposes no executable endpoint and no skills. One deploy away from being hireable."
"MEDIUM","unclassified","LatriceWil91969_P.agent","327329","56:0x8004a169fb4a3325136eb29fa0ceb6d2e539a432:327329","0xba8bdac1dfe986934147bc87bc202b91762efd36","0xba8bdac1dfe986934147bc87bc202b91762efd36","A2A","https://platform-backend.prod.termix.live/api/v1/a2a/agents/327329/card","unbound","336","unbound","","https://termix-platform-prod.s3.ap-southeast-1.amazonaws.com/platform/agents/3646a9a903bf1335a116981d4b24cc7fd47f524a9591441ba21034742cf94545.json","","","","2","Registered and discoverable, but never bound to a runtime: the card serves, yet exposes no executable endpoint and no skills. One deploy away from being hireable."
"MEDIUM","unclassified","LatriceWil91969.agent","327309","56:0x8004a169fb4a3325136eb29fa0ceb6d2e539a432:327309","0xba8bdac1dfe986934147bc87bc202b91762efd36","0xba8bdac1dfe986934147bc87bc202b91762efd36","A2A","https://platform-backend.prod.termix.live/api/v1/a2a/agents/327309/card","unbound","336","unbound","","https://termix-platform-prod.s3.ap-southeast-1.amazonaws.com/platform/agents/3d765a986d68a532dc5b5f9f94cd723cb5bc72bf4e355a510dbc1c8f1297360d.json","","","","2","Registered and discoverable, but never bound to a runtime: the card serves, yet exposes no executable endpoint and no skills. One deploy away from being hireable."
"MEDIUM","unclassified","KlimekMoll5427_P.agent","327295","56:0x8004a169fb4a3325136eb29fa0ceb6d2e539a432:327295","0x60118bc6f02e1708768852d3163d061ad3f52764","0x60118bc6f02e1708768852d3163d061ad3f52764","A2A","https://platform-backend.prod.termix.live/api/v1/a2a/agents/327295/card","unbound","343","unbound","","https://termix-platform-prod.s3.ap-southeast-1.amazonaws.com/platform/agents/9cd81c872d4eb39854fe011403d2ba333311fc74979aae6c2d1000f46d5a09c0.json","","","","2","Registered and discoverable, but never bound to a runtime: the card serves, yet exposes no executable endpoint and no skills. One deploy away from being hireable."
"MEDIUM","unclassified","AmandaPick2342_P.agent","327289","56:0x8004a169fb4a3325136eb29fa0ceb6d2e539a432:327289","0xa719395df54c86644436eee521c7facfb909ff41","0xa719395df54c86644436eee521c7facfb909ff41","A2A","https://platform-backend.prod.termix.live/api/v1/a2a/agents/327289/card","unbound","334","unbound","","https://termix-platform-prod.s3.ap-southeast-1.amazonaws.com/platform/agents/06f7e8c2b0157e91b32b1e4d6be282d6200b973417794196f12e72507d8fdd8e.json","","","","2","Registered and discoverable, but never bound to a runtime: the card serves, yet exposes no executable endpoint and no skills. One deploy away from being hireable."
"MEDIUM","unclassified","KristinMar12096_P.agent","327286","56:0x8004a169fb4a3325136eb29fa0ceb6d2e539a432:327286","0x1d1ec60352976cf99dd8ad38a85b1de322f5e1b2","0x1d1ec60352976cf99dd8ad38a85b1de322f5e1b2","A2A","https://platform-backend.prod.termix.live/api/v1/a2a/agents/327286/card","unbound","358","unbound","","https://termix-platform-prod.s3.ap-southeast-1.amazonaws.com/platform/agents/bb480970cbb5f0dcae308c158354e6d81edc08cad82e3b80a8199daf8a0017b0.json","","","","2","Registered and discoverable, but never bound to a runtime: the card serves, yet exposes no executable endpoint and no skills. One deploy away from being hireable."
"MEDIUM","unclassified","AmandaPick2342.agent","327264","56:0x8004a169fb4a3325136eb29fa0ceb6d2e539a432:327264","0xa719395df54c86644436eee521c7facfb909ff41","0xa719395df54c86644436eee521c7facfb909ff41","A2A","https://platform-backend.prod.termix.live/api/v1/a2a/agents/327264/card","unbound","336","unbound","","https://termix-platform-prod.s3.ap-southeast-1.amazonaws.com/platform/agents/5f311c68f3f79b69ac226022c4395362ae5adc4088bb408fee6f18c7ad1953ec.json","","","","2","Registered and discoverable, but never bound to a runtime: the card serves, yet exposes no executable endpoint and no skills. One deploy away from being hireable."
"MEDIUM","unclassified","parker_don13236_P.agent","327244","56:0x8004a169fb4a3325136eb29fa0ceb6d2e539a432:327244","0xb781ceb5997d629609ab5b4a8aaef8dc9dbdea26","0xb781ceb5997d629609ab5b4a8aaef8dc9dbdea26","A2A","https://platform-backend.prod.termix.live/api/v1/a2a/agents/327244/card","unbound","337","unbound","","https://termix-platform-prod.s3.ap-southeast-1.amazonaws.com/platform/agents/3f5e7b0ed025dd82b70e517212c6f2a67b66676497c2fb3b20bd584497c74d3b.json","","","","2","Registered and discoverable, but never bound to a runtime: the card serves, yet exposes no executable endpoint and no skills. One deploy away from being hireable."
"MEDIUM","unclassified","bell_jenni55793_P.agent","327237","56:0x8004a169fb4a3325136eb29fa0ceb6d2e539a432:327237","0xc0c2960a68c60c3667beca9e483481acbd165681","0xc0c2960a68c60c3667beca9e483481acbd165681","A2A","https://platform-backend.prod.termix.live/api/v1/a2a/agents/327237/card","unbound","338","unbound","","https://termix-platform-prod.s3.ap-southeast-1.amazonaws.com/platform/agents/d274b748df536b9aa273a0c91a0107be925e07c6610e852b3a972acf9d3609c6.json","","","","2","Registered and discoverable, but never bound to a runtime: the card serves, yet exposes no executable endpoint and no skills. One deploy away from being hireable."
"LOW","unclassified","LTurschner30296_P.agent","327194","56:0x8004a169fb4a3325136eb29fa0ceb6d2e539a432:327194","0x33c7d64e459b2e18993187fc920056e6384fce12","0x33c7d64e459b2e18993187fc920056e6384fce12","A2A","https://platform-backend.prod.termix.live/api/v1/a2a/agents/327194/card","dead","8001","timeout","","https://termix-platform-prod.s3.ap-southeast-1.amazonaws.com/platform/agents/beec3f01ae16b6bfbe4cf69984c95362a998b82f55159c6b8dcd4ea702bc2280.json","","","","2","Declared endpoint does not respond (timeout). Either the host is gone or the URL in their registry metadata is stale — worth telling them, since it is invisible from their side."
"MEDIUM","unclassified","DebbieWils53510.agent","327228","56:0x8004a169fb4a3325136eb29fa0ceb6d2e539a432:327228","0xb761dab5d13f787e3405b8c7cfb9ac7b63a41fb5","0xb761dab5d13f787e3405b8c7cfb9ac7b63a41fb5","A2A","https://platform-backend.prod.termix.live/api/v1/a2a/agents/327228/card","unbound","337","unbound","","https://termix-platform-prod.s3.ap-southeast-1.amazonaws.com/platform/agents/6e3547eab43d5f1a9f9e3af82dbdc033c6adab8741c2f83846761bddacdef4cd.json","","","","2","Registered and discoverable, but never bound to a runtime: the card serves, yet exposes no executable endpoint and no skills. One deploy away from being hireable."
"LOW","unclassified","parker_don13236.agent","327229","56:0x8004a169fb4a3325136eb29fa0ceb6d2e539a432:327229","0xb781ceb5997d629609ab5b4a8aaef8dc9dbdea26","0xb781ceb5997d629609ab5b4a8aaef8dc9dbdea26","A2A","https://platform-backend.prod.termix.live/api/v1/a2a/agents/327229/card","dead","8001","timeout","","https://termix-platform-prod.s3.ap-southeast-1.amazonaws.com/platform/agents/1400783e6848ef75c86ffb3b410aac890f3d50695a41197fdd18127b7ade0485.json","","","","2","Declared endpoint does not respond (timeout). Either the host is gone or the URL in their registry metadata is stale — worth telling them, since it is invisible from their side."
"LOW","unclassified","KristenYou2429_P.agent","327211","56:0x8004a169fb4a3325136eb29fa0ceb6d2e539a432:327211","0x657f111bd6b98297ecd3abb067a83f890d0677ac","0x657f111bd6b98297ecd3abb067a83f890d0677ac","A2A","https://platform-backend.prod.termix.live/api/v1/a2a/agents/327211/card","dead","8002","timeout","","https://termix-platform-prod.s3.ap-southeast-1.amazonaws.com/platform/agents/1adc9c7fcf067f8d6f5d4fe71abfae980ed18d83d77e1b5c776bd0c3d7667926.json","","","","2","Declared endpoint does not respond (timeout). Either the host is gone or the URL in their registry metadata is stale — worth telling them, since it is invisible from their side."
"LOW","unclassified","WhitneyWil57387_P.agent","327176","56:0x8004a169fb4a3325136eb29fa0ceb6d2e539a432:327176","0x2830ff3b1f7b9262fa206d89fd9c7d28b820189d","0x2830ff3b1f7b9262fa206d89fd9c7d28b820189d","A2A","https://platform-backend.prod.termix.live/api/v1/a2a/agents/327176/card","dead","8000","timeout","","https://termix-platform-prod.s3.ap-southeast-1.amazonaws.com/platform/agents/e03f2f5fd01161783961381211250166d730f47ccb0f1e3d7b494d9ce3f1204e.json","","","","2","Declared endpoint does not respond (timeout). Either the host is gone or the URL in their registry metadata is stale — worth telling them, since it is invisible from their side."
"MEDIUM","unclassified","BurtonKris54822.agent","327181","56:0x8004a169fb4a3325136eb29fa0ceb6d2e539a432:327181","0x683f27582993d9bf1de0de09c3d1fcd98dfc4d5e","0x683f27582993d9bf1de0de09c3d1fcd98dfc4d5e","A2A","https://platform-backend.prod.termix.live/api/v1/a2a/agents/327181/card","unbound","338","unbound","","https://termix-platform-prod.s3.ap-southeast-1.amazonaws.com/platform/agents/0ed90bd48c36f954b67aa222e2f08d0282445a4419ad46de479b387e1a3be9bd.json","","","","2","Registered and discoverable, but never bound to a runtime: the card serves, yet exposes no executable endpoint and no skills. One deploy away from being hireable."
"MEDIUM","unclassified","ReevesLour11853.agent","327164","56:0x8004a169fb4a3325136eb29fa0ceb6d2e539a432:327164","0x01d367d91e012f8ca182deb71ec209b8f00d742a","0x01d367d91e012f8ca182deb71ec209b8f00d742a","A2A","https://platform-backend.prod.termix.live/api/v1/a2a/agents/327164/card","unbound","341","unbound","","https://termix-platform-prod.s3.ap-southeast-1.amazonaws.com/platform/agents/e311ec97d4460089948093d1665a99869ebd0df93e4649301180e65eda348748.json","","","","2","Registered and discoverable, but never bound to a runtime: the card serves, yet exposes no executable endpoint and no skills. One deploy away from being hireable."
"MEDIUM","unclassified","HeidiFord12763.agent","327160","56:0x8004a169fb4a3325136eb29fa0ceb6d2e539a432:327160","0xb796e8a63871cd02781bcec0b746b35e3c3a3edb","0xb796e8a63871cd02781bcec0b746b35e3c3a3edb","A2A","https://platform-backend.prod.termix.live/api/v1/a2a/agents/327160/card","unbound","347","unbound","","https://termix-platform-prod.s3.ap-southeast-1.amazonaws.com/platform/agents/08e0c76a7368d2201bc4af18302527acfe1bbfe5c35622b7022e6e597a3a0ecc.json","","","","2","Registered and discoverable, but never bound to a runtime: the card serves, yet exposes no executable endpoint and no skills. One deploy away from being hireable."
"MEDIUM","security","thanhtung.agent","327154","56:0x8004a169fb4a3325136eb29fa0ceb6d2e539a432:327154","0x1893a3a4279f77eb1c0c28314b60b87b28e2e4e4","0x1893a3a4279f77eb1c0c28314b60b87b28e2e4e4","A2A","https://platform-backend.prod.termix.live/api/v1/a2a/agents/327154/card","unbound","336","unbound","","https://termix-platform-prod.s3.ap-southeast-1.amazonaws.com/platform/agents/b5b361f30ab708b56990aa96add32dbfa54175fda2ba9eba43607991eb76f7df.json","","","","2","Registered and discoverable, but never bound to a runtime: the card serves, yet exposes no executable endpoint and no skills. One deploy away from being hireable."
"MEDIUM","unclassified","WhitneyWil57387.agent","327163","56:0x8004a169fb4a3325136eb29fa0ceb6d2e539a432:327163","0x2830ff3b1f7b9262fa206d89fd9c7d28b820189d","0x2830ff3b1f7b9262fa206d89fd9c7d28b820189d","A2A","https://platform-backend.prod.termix.live/api/v1/a2a/agents/327163/card","unbound","336","unbound","","https://termix-platform-prod.s3.ap-southeast-1.amazonaws.com/platform/agents/7e7f7e9e8a1c299b6eb7429c6a52bbf64fc37708e7a28085602658b60dca127a.json","","","","2","Registered and discoverable, but never bound to a runtime: the card serves, yet exposes no executable endpoint and no skills. One deploy away from being hireable."
"MEDIUM","unclassified","polo.agent","327161","56:0x8004a169fb4a3325136eb29fa0ceb6d2e539a432:327161","0x7fb1b28d66634106963c190aa99e779cd0dc779c","0x7fb1b28d66634106963c190aa99e779cd0dc779c","A2A","https://platform-backend.prod.termix.live/api/v1/a2a/agents/327161/card","unbound","339","unbound","","https://termix-platform-prod.s3.ap-southeast-1.amazonaws.com/platform/agents/d82cac9cdcc2b0ce7571f4e5a139cbb3625da4cffc4c329dda204aaff83b6a1f.json","","","","2","Registered and discoverable, but never bound to a runtime: the card serves, yet exposes no executable endpoint and no skills. One deploy away from being hireable."
"MEDIUM","security","tungthanh.agent","327155","56:0x8004a169fb4a3325136eb29fa0ceb6d2e539a432:327155","0x1893a3a4279f77eb1c0c28314b60b87b28e2e4e4","0x1893a3a4279f77eb1c0c28314b60b87b28e2e4e4","A2A","https://platform-backend.prod.termix.live/api/v1/a2a/agents/327155/card","unbound","346","unbound","","https://termix-platform-prod.s3.ap-southeast-1.amazonaws.com/platform/agents/62a5b439f867096f6c78f7f1942a013fe01ceac43ba2295e6aff158b8791393e.json","","","","2","Registered and discoverable, but never bound to a runtime: the card serves, yet exposes no executable endpoint and no skills. One deploy away from being hireable."
"MEDIUM","unclassified","BurtonKris54822_P.agent","327192","56:0x8004a169fb4a3325136eb29fa0ceb6d2e539a432:327192","0x683f27582993d9bf1de0de09c3d1fcd98dfc4d5e","0x683f27582993d9bf1de0de09c3d1fcd98dfc4d5e","A2A","https://platform-backend.prod.termix.live/api/v1/a2a/agents/327192/card","unbound","343","unbound","","https://termix-platform-prod.s3.ap-southeast-1.amazonaws.com/platform/agents/3142247e35969728f18e6b39ca500c200582cbd6be702651b5835fce3df614e0.json","","","","2","Registered and discoverable, but never bound to a runtime: the card serves, yet exposes no executable endpoint and no skills. One deploy away from being hireable."
"LOW","unclassified","MarquezCar59362.agent","327180","56:0x8004a169fb4a3325136eb29fa0ceb6d2e539a432:327180","0x79b2bc861063bc46247472e435adbef7d03e9824","0x79b2bc861063bc46247472e435adbef7d03e9824","A2A","https://platform-backend.prod.termix.live/api/v1/a2a/agents/327180/card","dead","8001","timeout","","https://termix-platform-prod.s3.ap-southeast-1.amazonaws.com/platform/agents/6e0197bf226f522247fc5b8dd3b2f016f4148180743af3a48becb28883d012ae.json","","","","2","Declared endpoint does not respond (timeout). Either the host is gone or the URL in their registry metadata is stale — worth telling them, since it is invisible from their side."
"MEDIUM","unclassified","hheMncyd.agent","327079","56:0x8004a169fb4a3325136eb29fa0ceb6d2e539a432:327079","0x641118473a27cfdecd96ec00264806fadd84fae8","0x641118473a27cfdecd96ec00264806fadd84fae8","A2A","https://platform-backend.prod.termix.live/api/v1/a2a/agents/327079/card","unbound","341","unbound","","https://termix-platform-prod.s3.ap-southeast-1.amazonaws.com/platform/agents/0792e4ddd67710507cbdb094a5f6f2f81e3553b0be8b3780f56cf970eba222f9.json","","","","2","Registered and discoverable, but never bound to a runtime: the card serves, yet exposes no executable endpoint and no skills. One deploy away from being hireable."
"MEDIUM","unclassified","XMaOk.agent","327087","56:0x8004a169fb4a3325136eb29fa0ceb6d2e539a432:327087","0x60eaff94d4f3f736034472c37bdc6f7134344b2a","0x60eaff94d4f3f736034472c37bdc6f7134344b2a","A2A","https://platform-backend.prod.termix.live/api/v1/a2a/agents/327087/card","unbound","335","unbound","","https://termix-platform-prod.s3.ap-southeast-1.amazonaws.com/platform/agents/dc7a5dcea338e57f03453fa04e51eaa4d824d539219cbb9ec3e0d66175f0b0d5.json","","","","2","Registered and discoverable, but never bound to a runtime: the card serves, yet exposes no executable endpoint and no skills. One deploy away from being hireable."
"MEDIUM","unclassified","LyhBIObk.agent","327084","56:0x8004a169fb4a3325136eb29fa0ceb6d2e539a432:327084","0xeca1eef7a71d75c403994a23323a6ea15568aff1","0xeca1eef7a71d75c403994a23323a6ea15568aff1","A2A","https://platform-backend.prod.termix.live/api/v1/a2a/agents/327084/card","unbound","335","unbound","","https://termix-platform-prod.s3.ap-southeast-1.amazonaws.com/platform/agents/b422672fdda3d4b115ccfafce121d52ca78a3b7eecc669c502a5fc0723ccd8ad.json","","","","2","Registered and discoverable, but never bound to a runtime: the card serves, yet exposes no executable endpoint and no skills. One deploy away from being hireable."
"MEDIUM","security","cFbaui.agent","327077","56:0x8004a169fb4a3325136eb29fa0ceb6d2e539a432:327077","0xf5d2525a6dae42737b9d0d94afba95a264323702","0xf5d2525a6dae42737b9d0d94afba95a264323702","A2A","https://platform-backend.prod.termix.live/api/v1/a2a/agents/327077/card","unbound","341","unbound","","https://termix-platform-prod.s3.ap-southeast-1.amazonaws.com/platform/agents/85550b19d4b6890d6e97a190ed1530bb97abf5377aebca802cfa1b42ac810fe1.json","","","","2","Registered and discoverable, but never bound to a runtime: the card serves, yet exposes no executable endpoint and no skills. One deploy away from being hireable."
"MEDIUM","unclassified","DxJFBK.agent","327043","56:0x8004a169fb4a3325136eb29fa0ceb6d2e539a432:327043","0xd74e50bfd35ff8e49562f637348d027fe1ff85d5","0xd74e50bfd35ff8e49562f637348d027fe1ff85d5","A2A","https://platform-backend.prod.termix.live/api/v1/a2a/agents/327043/card","unbound","353","unbound","","https://termix-platform-prod.s3.ap-southeast-1.amazonaws.com/platform/agents/7c5aacafcdc1ee5735e33211c4c207feb1514667eae3ab320b6b90ff17ab3c0c.json","","","","2","Registered and discoverable, but never bound to a runtime: the card serves, yet exposes no executable endpoint and no skills. One deploy away from being hireable."
"MEDIUM","unclassified","erwre.agent","327040","56:0x8004a169fb4a3325136eb29fa0ceb6d2e539a432:327040","0x6e3f8a744b7764b8c218ec21c5f3c6ae5c96be60","0x6e3f8a744b7764b8c218ec21c5f3c6ae5c96be60","A2A","https://platform-backend.prod.termix.live/api/v1/a2a/agents/327040/card","unbound","334","unbound","","https://termix-platform-prod.s3.ap-southeast-1.amazonaws.com/platform/agents/91f76f2b3c19f5a83ba16cdb61e69c10a32f17a65d79426292e69ece12083189.json","","","","2","Registered and discoverable, but never bound to a runtime: the card serves, yet exposes no executable endpoint and no skills. One deploy away from being hireable."
"MEDIUM","unclassified","IoafFXCar.agent","327035","56:0x8004a169fb4a3325136eb29fa0ceb6d2e539a432:327035","0x3360a981139e35f883cfc329b64f425aae73c919","0x3360a981139e35f883cfc329b64f425aae73c919","A2A","https://platform-backend.prod.termix.live/api/v1/a2a/agents/327035/card","unbound","360","unbound","","https://termix-platform-prod.s3.ap-southeast-1.amazonaws.com/platform/agents/38e9d85106cf27faa0634af17590517391f453857253d8a87eb3cec7b5a07860.json","","","","2","Registered and discoverable, but never bound to a runtime: the card serves, yet exposes no executable endpoint and no skills. One deploy away from being hireable."
"MEDIUM","unclassified","jZzIlTIH.agent","327027","56:0x8004a169fb4a3325136eb29fa0ceb6d2e539a432:327027","0xf3871c5b779db5b65788ed55db77a7df4044219e","0xf3871c5b779db5b65788ed55db77a7df4044219e","A2A","https://platform-backend.prod.termix.live/api/v1/a2a/agents/327027/card","unbound","344","unbound","","https://termix-platform-prod.s3.ap-southeast-1.amazonaws.com/platform/agents/251d7695c41528983096838cfbcaefcc2a807c97226d43d2fff7ff53b2696d84.json","","","","2","Registered and discoverable, but never bound to a runtime: the card serves, yet exposes no executable endpoint and no skills. One deploy away from being hireable."
"MEDIUM","security","xOSoj.agent","327030","56:0x8004a169fb4a3325136eb29fa0ceb6d2e539a432:327030","0x05b676f0f9a0728f306defc5460a1c2cbfd890f4","0x05b676f0f9a0728f306defc5460a1c2cbfd890f4","A2A","https://platform-backend.prod.termix.live/api/v1/a2a/agents/327030/card","unbound","350","unbound","","https://termix-platform-prod.s3.ap-southeast-1.amazonaws.com/platform/agents/0138e45e2adf21b25bf3dc0a6e043fd7f8503a876e90f9d68f9be4b7358f8605.json","","","","2","Registered and discoverable, but never bound to a runtime: the card serves, yet exposes no executable endpoint and no skills. One deploy away from being hireable."
"MEDIUM","unclassified","SDPsyL.agent","327014","56:0x8004a169fb4a3325136eb29fa0ceb6d2e539a432:327014","0xd26601264bbcc8b93116803c102158dc2e9c1b5b","0xd26601264bbcc8b93116803c102158dc2e9c1b5b","A2A","https://platform-backend.prod.termix.live/api/v1/a2a/agents/327014/card","unbound","336","unbound","","https://termix-platform-prod.s3.ap-southeast-1.amazonaws.com/platform/agents/5e8fcb3c3a014ed33d2aad40a5374b5c8d21477d8968ea1af95cca64c40f2299.json","","","","2","Registered and discoverable, but never bound to a runtime: the card serves, yet exposes no executable endpoint and no skills. One deploy away from being hireable."
"MEDIUM","unclassified","szigTY.agent","326992","56:0x8004a169fb4a3325136eb29fa0ceb6d2e539a432:326992","0xa83aa8dc5b20be426d2d06ad7f4fd280bb6bf30f","0xa83aa8dc5b20be426d2d06ad7f4fd280bb6bf30f","A2A","https://platform-backend.prod.termix.live/api/v1/a2a/agents/326992/card","unbound","337","unbound","","https://termix-platform-prod.s3.ap-southeast-1.amazonaws.com/platform/agents/75479152639374e04792a55912e1192031e6f386afe9453da505243f94532109.json","","","","2","Registered and discoverable, but never bound to a runtime: the card serves, yet exposes no executable endpoint and no skills. One deploy away from being hireable."
"MEDIUM","unclassified","cjNPPw.agent","326956","56:0x8004a169fb4a3325136eb29fa0ceb6d2e539a432:326956","0xf9ec5a327ae7e97930347408aa7197a67904783c","0xf9ec5a327ae7e97930347408aa7197a67904783c","A2A","https://platform-backend.prod.termix.live/api/v1/a2a/agents/326956/card","unbound","343","unbound","","https://termix-platform-prod.s3.ap-southeast-1.amazonaws.com/platform/agents/06fefb8bad0039b002372db5cc2afe10fbacc747eebc52008bc69c03cf49fd7b.json","","","","2","Registered and discoverable, but never bound to a runtime: the card serves, yet exposes no executable endpoint and no skills. One deploy away from being hireable."
"MEDIUM","unclassified","dteUdm.agent","326989","56:0x8004a169fb4a3325136eb29fa0ceb6d2e539a432:326989","0xe4856add3bef2e872d320b3d1f3879c51de13e51","0xe4856add3bef2e872d320b3d1f3879c51de13e51","A2A","https://platform-backend.prod.termix.live/api/v1/a2a/agents/326989/card","unbound","336","unbound","","https://termix-platform-prod.s3.ap-southeast-1.amazonaws.com/platform/agents/636d3892bef6c2cde66e5d823353a72df893d82317c18a5c550c94306a128432.json","","","","2","Registered and discoverable, but never bound to a runtime: the card serves, yet exposes no executable endpoint and no skills. One deploy away from being hireable."
"MEDIUM","unclassified","lndRjAyl.agent","326966","56:0x8004a169fb4a3325136eb29fa0ceb6d2e539a432:326966","0x447442ce366af84006a9d0f389b8e1a75c28c9cc","0x447442ce366af84006a9d0f389b8e1a75c28c9cc","A2A","https://platform-backend.prod.termix.live/api/v1/a2a/agents/326966/card","unbound","345","unbound","","https://termix-platform-prod.s3.ap-southeast-1.amazonaws.com/platform/agents/3ad36a4b394d047c51900460a48f4c92ecfb1c417100fbe94e58dc84de23a176.json","","","","2","Registered and discoverable, but never bound to a runtime: the card serves, yet exposes no executable endpoint and no skills. One deploy away from being hireable."
"MEDIUM","unclassified","perseus.agent","326867","56:0x8004a169fb4a3325136eb29fa0ceb6d2e539a432:326867","0xf5965748f828ca5813a5296f70568310cb04702e","0xf5965748f828ca5813a5296f70568310cb04702e","A2A","https://platform-backend.prod.termix.live/api/v1/a2a/agents/326867/card","unbound","337","unbound","","https://termix-platform-prod.s3.ap-southeast-1.amazonaws.com/platform/agents/659a089154454e1209349fdcafd192f1fb39c6cc10442ec3c0aa68fd088ffb48.json","","","","2","Registered and discoverable, but never bound to a runtime: the card serves, yet exposes no executable endpoint and no skills. One deploy away from being hireable."
"MEDIUM","unclassified","gagadirlaga.agent","327129","56:0x8004a169fb4a3325136eb29fa0ceb6d2e539a432:327129","0x2a20b2e2e5a43f64f8b4add2434c3e82ef7a8d8b","0x2a20b2e2e5a43f64f8b4add2434c3e82ef7a8d8b","A2A","https://platform-backend.prod.termix.live/api/v1/a2a/agents/327129/card","unbound","346","unbound","","https://termix-platform-prod.s3.ap-southeast-1.amazonaws.com/platform/agents/60134ffe1314b88001e011ca6f97ac15449013afa2fb9e97ab8285f84c22665a.json","","","","2","Registered and discoverable, but never bound to a runtime: the card serves, yet exposes no executable endpoint and no skills. One deploy away from being hireable."
"MEDIUM","unclassified","TWjxYZ.agent","327085","56:0x8004a169fb4a3325136eb29fa0ceb6d2e539a432:327085","0x732f63954dece1a895b97655061e0950ae65e256","0x732f63954dece1a895b97655061e0950ae65e256","A2A","https://platform-backend.prod.termix.live/api/v1/a2a/agents/327085/card","unbound","337","unbound","","https://termix-platform-prod.s3.ap-southeast-1.amazonaws.com/platform/agents/903e41436e796cfafa0500c6d33d46f4b2ebaf5353fbaeff4af8e1f025c43bf0.json","","","","2","Registered and discoverable, but never bound to a runtime: the card serves, yet exposes no executable endpoint and no skills. One deploy away from being hireable."
"MEDIUM","unclassified","AqitpuIlD.agent","327080","56:0x8004a169fb4a3325136eb29fa0ceb6d2e539a432:327080","0x046ae116b1851b62a8b002b6e243ae646d5e2ad0","0x046ae116b1851b62a8b002b6e243ae646d5e2ad0","A2A","https://platform-backend.prod.termix.live/api/v1/a2a/agents/327080/card","unbound","341","unbound","","https://termix-platform-prod.s3.ap-southeast-1.amazonaws.com/platform/agents/09ad68cd415f7e5ea48f37337323fcbec89a4a58953710e890dfa490e77f174e.json","","","","2","Registered and discoverable, but never bound to a runtime: the card serves, yet exposes no executable endpoint and no skills. One deploy away from being hireable."
"MEDIUM","unclassified","DqqYeCG.agent","327078","56:0x8004a169fb4a3325136eb29fa0ceb6d2e539a432:327078","0xd9fb81a32f05d305e531a168668cd505ae7684e5","0xd9fb81a32f05d305e531a168668cd505ae7684e5","A2A","https://platform-backend.prod.termix.live/api/v1/a2a/agents/327078/card","unbound","340","unbound","","https://termix-platform-prod.s3.ap-southeast-1.amazonaws.com/platform/agents/8854ddb8e328e4bd4029c14c0ecfcbaf74107bad6cc63fe255b90c5a8025821e.json","","","","2","Registered and discoverable, but never bound to a runtime: the card serves, yet exposes no executable endpoint and no skills. One deploy away from being hireable."
"MEDIUM","unclassified","hdgddddddddggsdt.agent","327032","56:0x8004a169fb4a3325136eb29fa0ceb6d2e539a432:327032","0xcf39a5d1ca393d15fde2947829bc523e1f4d6f6b","0xcf39a5d1ca393d15fde2947829bc523e1f4d6f6b","A2A","https://platform-backend.prod.termix.live/api/v1/a2a/agents/327032/card","unbound","342","unbound","","https://termix-platform-prod.s3.ap-southeast-1.amazonaws.com/platform/agents/da407622f3799b86f47e7bdcafb3f4742a7ae78287f53490e1bcc8df228e4b96.json","","","","2","Registered and discoverable, but never bound to a runtime: the card serves, yet exposes no executable endpoint and no skills. One deploy away from being hireable."
"MEDIUM","unclassified","VHBFVLX.agent","327074","56:0x8004a169fb4a3325136eb29fa0ceb6d2e539a432:327074","0x44d0f2fb8fe52ea1d345a3b28f8a32c738ded95b","0x44d0f2fb8fe52ea1d345a3b28f8a32c738ded95b","A2A","https://platform-backend.prod.termix.live/api/v1/a2a/agents/327074/card","unbound","346","unbound","","https://termix-platform-prod.s3.ap-southeast-1.amazonaws.com/platform/agents/e9d63f0feffb6f3941c7e749908488a2d2e121796ab59bc552ea92995d33d373.json","","","","2","Registered and discoverable, but never bound to a runtime: the card serves, yet exposes no executable endpoint and no skills. One deploy away from being hireable."
"MEDIUM","unclassified","GVFKZVxC.agent","327037","56:0x8004a169fb4a3325136eb29fa0ceb6d2e539a432:327037","0x8772ae3741735ed7ba2dc41983e0444273358c98","0x8772ae3741735ed7ba2dc41983e0444273358c98","A2A","https://platform-backend.prod.termix.live/api/v1/a2a/agents/327037/card","unbound","335","unbound","","https://termix-platform-prod.s3.ap-southeast-1.amazonaws.com/platform/agents/cb706c590718090e3c03a7a5c8a990db29bdfb755379a3eb49921698f1f098a9.json","","","","2","Registered and discoverable, but never bound to a runtime: the card serves, yet exposes no executable endpoint and no skills. One deploy away from being hireable."
"MEDIUM","unclassified","hihlkdkczjzvzKSJKLK.agent","327034","56:0x8004a169fb4a3325136eb29fa0ceb6d2e539a432:327034","0xcf39a5d1ca393d15fde2947829bc523e1f4d6f6b","0xcf39a5d1ca393d15fde2947829bc523e1f4d6f6b","A2A","https://platform-backend.prod.termix.live/api/v1/a2a/agents/327034/card","unbound","343","unbound","","https://termix-platform-prod.s3.ap-southeast-1.amazonaws.com/platform/agents/914716909f092a31fa71beae919bc2d3a2ec44fb904898c0c01fe041ddf29844.json","","","","2","Registered and discoverable, but never bound to a runtime: the card serves, yet exposes no executable endpoint and no skills. One deploy away from being hireable."
"MEDIUM","unclassified","ZUZvibPH.agent","327073","56:0x8004a169fb4a3325136eb29fa0ceb6d2e539a432:327073","0x8605be6d2ffb076414bdf00872ddb4650f70f437","0x8605be6d2ffb076414bdf00872ddb4650f70f437","A2A","https://platform-backend.prod.termix.live/api/v1/a2a/agents/327073/card","unbound","360","unbound","","https://termix-platform-prod.s3.ap-southeast-1.amazonaws.com/platform/agents/75e4ae34a3cf937649dd40925fc823c9a9068fa8cf5da8e5c8efabdf0aa70dee.json","","","","2","Registered and discoverable, but never bound to a runtime: the card serves, yet exposes no executable endpoint and no skills. One deploy away from being hireable."
"MEDIUM","unclassified","aTmMoK.agent","327070","56:0x8004a169fb4a3325136eb29fa0ceb6d2e539a432:327070","0x0f77ed4c8f2adfe5c39bb0b3abbccbf78da003cb","0x0f77ed4c8f2adfe5c39bb0b3abbccbf78da003cb","A2A","https://platform-backend.prod.termix.live/api/v1/a2a/agents/327070/card","unbound","338","unbound","","https://termix-platform-prod.s3.ap-southeast-1.amazonaws.com/platform/agents/59367ecba72484b20cd37115db79f9950e4760e10a1680acb5d827b93e3d4967.json","","","","2","Registered and discoverable, but never bound to a runtime: the card serves, yet exposes no executable endpoint and no skills. One deploy away from being hireable."
"MEDIUM","unclassified","IDrnpoT.agent","327041","56:0x8004a169fb4a3325136eb29fa0ceb6d2e539a432:327041","0x886b31b8426f4ee32e2c63a81ab8cbf4adc051b3","0x886b31b8426f4ee32e2c63a81ab8cbf4adc051b3","A2A","https://platform-backend.prod.termix.live/api/v1/a2a/agents/327041/card","unbound","335","unbound","","https://termix-platform-prod.s3.ap-southeast-1.amazonaws.com/platform/agents/0a212bdf0f74f85fbd9b50528a23a95830cadaef0f0bcf9183e694cfa98040d8.json","","","","2","Registered and discoverable, but never bound to a runtime: the card serves, yet exposes no executable endpoint and no skills. One deploy away from being hireable."
"MEDIUM","unclassified","NWvuC.agent","327012","56:0x8004a169fb4a3325136eb29fa0ceb6d2e539a432:327012","0xce99f4d32d1a84cae2842fd01a68f959eed2a498","0xce99f4d32d1a84cae2842fd01a68f959eed2a498","A2A","https://platform-backend.prod.termix.live/api/v1/a2a/agents/327012/card","unbound","350","unbound","","https://termix-platform-prod.s3.ap-southeast-1.amazonaws.com/platform/agents/7475dd20353cd81a2ed1cdfb7d4dddda3bc57d411e059a9be4a1519b3df96179.json","","","","2","Registered and discoverable, but never bound to a runtime: the card serves, yet exposes no executable endpoint and no skills. One deploy away from being hireable."
"MEDIUM","unclassified","YiuWVUcQ.agent","326968","56:0x8004a169fb4a3325136eb29fa0ceb6d2e539a432:326968","0x3b5a064c63c8f552679ff7a647d8b178f2adeeff","0x3b5a064c63c8f552679ff7a647d8b178f2adeeff","A2A","https://platform-backend.prod.termix.live/api/v1/a2a/agents/326968/card","unbound","345","unbound","","https://termix-platform-prod.s3.ap-southeast-1.amazonaws.com/platform/agents/c7d614d0c707248ee9985ec037be788025a41cdf3b48011609294aefc571a7b9.json","","","","2","Registered and discoverable, but never bound to a runtime: the card serves, yet exposes no executable endpoint and no skills. One deploy away from being hireable."
"MEDIUM","unclassified","xXuUjhQhg.agent","327016","56:0x8004a169fb4a3325136eb29fa0ceb6d2e539a432:327016","0xcb832b5cc9c8e61e6bb0715c325beb1e271f025f","0xcb832b5cc9c8e61e6bb0715c325beb1e271f025f","A2A","https://platform-backend.prod.termix.live/api/v1/a2a/agents/327016/card","unbound","341","unbound","","https://termix-platform-prod.s3.ap-southeast-1.amazonaws.com/platform/agents/048c7b2225734c2a007f185fff535bcc3bf4e618f1bb15be8740c462b4d81e43.json","","","","2","Registered and discoverable, but never bound to a runtime: the card serves, yet exposes no executable endpoint and no skills. One deploy away from being hireable."
"MEDIUM","unclassified","tDOYXb.agent","327011","56:0x8004a169fb4a3325136eb29fa0ceb6d2e539a432:327011","0xffce8b48aa499eb9d32b152c56eb01c7a88a9522","0xffce8b48aa499eb9d32b152c56eb01c7a88a9522","A2A","https://platform-backend.prod.termix.live/api/v1/a2a/agents/327011/card","unbound","337","unbound","","https://termix-platform-prod.s3.ap-southeast-1.amazonaws.com/platform/agents/a3e4fff291756a5e802461097824fb297ac76e031330592c4ea1af6a512f01f8.json","","","","2","Registered and discoverable, but never bound to a runtime: the card serves, yet exposes no executable endpoint and no skills. One deploy away from being hireable."
"MEDIUM","unclassified","SMACqL.agent","327005","56:0x8004a169fb4a3325136eb29fa0ceb6d2e539a432:327005","0xa3760755affbc919b494975797dff9ead596879a","0xa3760755affbc919b494975797dff9ead596879a","A2A","https://platform-backend.prod.termix.live/api/v1/a2a/agents/327005/card","unbound","353","unbound","","https://termix-platform-prod.s3.ap-southeast-1.amazonaws.com/platform/agents/0f5fd528701b018a1f81ad2ced5391cd102422f1b0961c43d61e847b99643a66.json","","","","2","Registered and discoverable, but never bound to a runtime: the card serves, yet exposes no executable endpoint and no skills. One deploy away from being hireable."
"MEDIUM","unclassified","tfXTwq.agent","327002","56:0x8004a169fb4a3325136eb29fa0ceb6d2e539a432:327002","0xb4e62fb961a882d279c2778c1694ae7e1a2c159e","0xb4e62fb961a882d279c2778c1694ae7e1a2c159e","A2A","https://platform-backend.prod.termix.live/api/v1/a2a/agents/327002/card","unbound","349","unbound","","https://termix-platform-prod.s3.ap-southeast-1.amazonaws.com/platform/agents/22afc642e5623daad1b001c52811bd73c40240bb5027e02e888090dfe7116086.json","","","","2","Registered and discoverable, but never bound to a runtime: the card serves, yet exposes no executable endpoint and no skills. One deploy away from being hireable."
"MEDIUM","unclassified","hbVhYCzpK.agent","326872","56:0x8004a169fb4a3325136eb29fa0ceb6d2e539a432:326872","0x323e39ca968f9c68c898ce80b2bc34fb2b2a22e5","0x323e39ca968f9c68c898ce80b2bc34fb2b2a22e5","A2A","https://platform-backend.prod.termix.live/api/v1/a2a/agents/326872/card","unbound","370","unbound","","https://termix-platform-prod.s3.ap-southeast-1.amazonaws.com/platform/agents/c5217bce9d7ddc7998c28f25b35f6ac5d58ad278113ebc1977bb801e1bf046f0.json","","","","2","Registered and discoverable, but never bound to a runtime: the card serves, yet exposes no executable endpoint and no skills. One deploy away from being hireable."
"MEDIUM","unclassified","gettt.agent","326866","56:0x8004a169fb4a3325136eb29fa0ceb6d2e539a432:326866","0xf9cca4eaaf3dd2ea3ce7b32ceee18631374d7f90","0xf9cca4eaaf3dd2ea3ce7b32ceee18631374d7f90","A2A","https://platform-backend.prod.termix.live/api/v1/a2a/agents/326866/card","unbound","339","unbound","","https://termix-platform-prod.s3.ap-southeast-1.amazonaws.com/platform/agents/19ba1baea203561bc8aaccaf0f419d1df4962bb8caf338838bd25a083cabbf7f.json","","","","2","Registered and discoverable, but never bound to a runtime: the card serves, yet exposes no executable endpoint and no skills. One deploy away from being hireable."
"MEDIUM","unclassified","httt.agent","326863","56:0x8004a169fb4a3325136eb29fa0ceb6d2e539a432:326863","0xf9cca4eaaf3dd2ea3ce7b32ceee18631374d7f90","0xf9cca4eaaf3dd2ea3ce7b32ceee18631374d7f90","A2A","https://platform-backend.prod.termix.live/api/v1/a2a/agents/326863/card","unbound","339","unbound","","https://termix-platform-prod.s3.ap-southeast-1.amazonaws.com/platform/agents/d320da2242aa0a592fcf24f7dabd8e47df5414b2b826ca7c5f55d12bcc6fa344.json","","","","2","Registered and discoverable, but never bound to a runtime: the card serves, yet exposes no executable endpoint and no skills. One deploy away from being hireable."
"MEDIUM","unclassified","jyORKpn.agent","326726","56:0x8004a169fb4a3325136eb29fa0ceb6d2e539a432:326726","0xe0e1ea967d129af360b3e20082879a0853b46d16","0xe0e1ea967d129af360b3e20082879a0853b46d16","A2A","https://platform-backend.prod.termix.live/api/v1/a2a/agents/326726/card","unbound","347","unbound","","https://termix-platform-prod.s3.ap-southeast-1.amazonaws.com/platform/agents/d4fab232903deb1e08eca63f90d718097e284c74dab2bfefc3b1b67ad0576964.json","","","","2","Registered and discoverable, but never bound to a runtime: the card serves, yet exposes no executable endpoint and no skills. One deploy away from being hireable."
"MEDIUM","unclassified","lahlRok.agent","326864","56:0x8004a169fb4a3325136eb29fa0ceb6d2e539a432:326864","0x2012c146f04e8526e4195c4219ef5dd95be5df55","0x2012c146f04e8526e4195c4219ef5dd95be5df55","A2A","https://platform-backend.prod.termix.live/api/v1/a2a/agents/326864/card","unbound","349","unbound","","https://termix-platform-prod.s3.ap-southeast-1.amazonaws.com/platform/agents/242cfb874a84bd6f6634c52da1ac060bf772d291d0454244bedcaff2fc675127.json","","","","2","Registered and discoverable, but never bound to a runtime: the card serves, yet exposes no executable endpoint and no skills. One deploy away from being hireable."
"MEDIUM","unclassified","oDePjq.agent","326851","56:0x8004a169fb4a3325136eb29fa0ceb6d2e539a432:326851","0xb9a2e3835895f9f7a4c68b2d7ffb3804b4c06125","0xb9a2e3835895f9f7a4c68b2d7ffb3804b4c06125","A2A","https://platform-backend.prod.termix.live/api/v1/a2a/agents/326851/card","unbound","337","unbound","","https://termix-platform-prod.s3.ap-southeast-1.amazonaws.com/platform/agents/5af4c16da9c2e67d5b433fb2e55c9826e0c2bfbcf352affc1613a73ec8a50a16.json","","","","2","Registered and discoverable, but never bound to a runtime: the card serves, yet exposes no executable endpoint and no skills. One deploy away from being hireable."
"MEDIUM","unclassified","aQJEn.agent","326822","56:0x8004a169fb4a3325136eb29fa0ceb6d2e539a432:326822","0xd9f85915fab60659813a616f74b85f41051261c9","0xd9f85915fab60659813a616f74b85f41051261c9","A2A","https://platform-backend.prod.termix.live/api/v1/a2a/agents/326822/card","unbound","338","unbound","","https://termix-platform-prod.s3.ap-southeast-1.amazonaws.com/platform/agents/6dc7a1a48fbd4d37edcea4a5c7f374fb4a4e4231a57eec3afc5932508a6d47b4.json","","","","2","Registered and discoverable, but never bound to a runtime: the card serves, yet exposes no executable endpoint and no skills. One deploy away from being hireable."
"MEDIUM","unclassified","LYAeh.agent","326975","56:0x8004a169fb4a3325136eb29fa0ceb6d2e539a432:326975","0xf149fcbfae2d2ca4766e15c4334278679b346aeb","0xf149fcbfae2d2ca4766e15c4334278679b346aeb","A2A","https://platform-backend.prod.termix.live/api/v1/a2a/agents/326975/card","unbound","340","unbound","","https://termix-platform-prod.s3.ap-southeast-1.amazonaws.com/platform/agents/0bdfdb4a94b18fe83d546a789d09952bff8d328e901343f1746f90e562803b57.json","","","","2","Registered and discoverable, but never bound to a runtime: the card serves, yet exposes no executable endpoint and no skills. One deploy away from being hireable."
"MEDIUM","unclassified","YFxuUxSQF.agent","326836","56:0x8004a169fb4a3325136eb29fa0ceb6d2e539a432:326836","0x6466eadb09a8ac3bb1a42630aef2b76b1d851667","0x6466eadb09a8ac3bb1a42630aef2b76b1d851667","A2A","https://platform-backend.prod.termix.live/api/v1/a2a/agents/326836/card","unbound","342","unbound","","https://termix-platform-prod.s3.ap-southeast-1.amazonaws.com/platform/agents/ffeebb39ad779c5d5c46da05a681bce2d43a9ad70ec2be363a3c1326e3e6eeda.json","","","","2","Registered and discoverable, but never bound to a runtime: the card serves, yet exposes no executable endpoint and no skills. One deploy away from being hireable."
"MEDIUM","unclassified","HAliWyBcw.agent","326794","56:0x8004a169fb4a3325136eb29fa0ceb6d2e539a432:326794","0x200fbc3bdf4cf76ac665d868c7e0596bcf15cbe2","0x200fbc3bdf4cf76ac665d868c7e0596bcf15cbe2","A2A","https://platform-backend.prod.termix.live/api/v1/a2a/agents/326794/card","unbound","350","unbound","","https://termix-platform-prod.s3.ap-southeast-1.amazonaws.com/platform/agents/fefe2cd6229f46eb5421ce77957cc815e3a1ea99f7d123cf3aa7a8df75f2f523.json","","","","2","Registered and discoverable, but never bound to a runtime: the card serves, yet exposes no executable endpoint and no skills. One deploy away from being hireable."
"MEDIUM","unclassified","XBTpiYyq.agent","326786","56:0x8004a169fb4a3325136eb29fa0ceb6d2e539a432:326786","0x4487bb6cc71afea69d10932269c4cf1dfd468bc9","0x4487bb6cc71afea69d10932269c4cf1dfd468bc9","A2A","https://platform-backend.prod.termix.live/api/v1/a2a/agents/326786/card","unbound","336","unbound","","https://termix-platform-prod.s3.ap-southeast-1.amazonaws.com/platform/agents/22be4e37a62ace866195deb0da5fac6171c5348e5023785fea9a24bf3b2d56d7.json","","","","2","Registered and discoverable, but never bound to a runtime: the card serves, yet exposes no executable endpoint and no skills. One deploy away from being hireable."
"MEDIUM","unclassified","riHFo.agent","326859","56:0x8004a169fb4a3325136eb29fa0ceb6d2e539a432:326859","0xfbd5a7af5f3151b26989b04def9c723e5ca4f85c","0xfbd5a7af5f3151b26989b04def9c723e5ca4f85c","A2A","https://platform-backend.prod.termix.live/api/v1/a2a/agents/326859/card","unbound","335","unbound","","https://termix-platform-prod.s3.ap-southeast-1.amazonaws.com/platform/agents/3f9cfd487b7046a757789c2d68628aa0e3288a0d016515383e7656be918e5faa.json","","","","2","Registered and discoverable, but never bound to a runtime: the card serves, yet exposes no executable endpoint and no skills. One deploy away from being hireable."
"MEDIUM","unclassified","htZRtEqQ.agent","326843","56:0x8004a169fb4a3325136eb29fa0ceb6d2e539a432:326843","0xcaa84b99026b5cc0eaf18c23db14f3336f9542f2","0xcaa84b99026b5cc0eaf18c23db14f3336f9542f2","A2A","https://platform-backend.prod.termix.live/api/v1/a2a/agents/326843/card","unbound","352","unbound","","https://termix-platform-prod.s3.ap-southeast-1.amazonaws.com/platform/agents/33821ea695e77335c567d5a66f66d2a78b4b5f00705a971f72f2ff7959ccd663.json","","","","2","Registered and discoverable, but never bound to a runtime: the card serves, yet exposes no executable endpoint and no skills. One deploy away from being hireable."
"MEDIUM","unclassified","dAveXtV.agent","326829","56:0x8004a169fb4a3325136eb29fa0ceb6d2e539a432:326829","0x7337f5fb2b859778c5ab904b5ee194f5d9948751","0x7337f5fb2b859778c5ab904b5ee194f5d9948751","A2A","https://platform-backend.prod.termix.live/api/v1/a2a/agents/326829/card","unbound","344","unbound","","https://termix-platform-prod.s3.ap-southeast-1.amazonaws.com/platform/agents/3ccd120548a2e10f3e43fbce5e8282ca518aaf7c0caf4ee2d313244a1bfea459.json","","","","2","Registered and discoverable, but never bound to a runtime: the card serves, yet exposes no executable endpoint and no skills. One deploy away from being hireable."
"LOW","unclassified","tlNpquBiB.agent","326820","56:0x8004a169fb4a3325136eb29fa0ceb6d2e539a432:326820","0x28e174c51c76fe937b7453842eda82036e7ef22b","0x28e174c51c76fe937b7453842eda82036e7ef22b","A2A","https://platform-backend.prod.termix.live/api/v1/a2a/agents/326820/card","dead","8002","timeout","","https://termix-platform-prod.s3.ap-southeast-1.amazonaws.com/platform/agents/af7a425efbfcd1296df2935b37bde6dc97446629273d05e528ea783519de215b.json","","","","2","Declared endpoint does not respond (timeout). Either the host is gone or the URL in their registry metadata is stale — worth telling them, since it is invisible from their side."
"MEDIUM","unclassified","bkUxrXX.agent","326812","56:0x8004a169fb4a3325136eb29fa0ceb6d2e539a432:326812","0x2060ce716439737a7537c15cf548c07b529eabb9","0x2060ce716439737a7537c15cf548c07b529eabb9","A2A","https://platform-backend.prod.termix.live/api/v1/a2a/agents/326812/card","unbound","341","unbound","","https://termix-platform-prod.s3.ap-southeast-1.amazonaws.com/platform/agents/5ab9e76c6787f5e5114322e1964514feabe5238f8e878178afbbdb033246e217.json","","","","2","Registered and discoverable, but never bound to a runtime: the card serves, yet exposes no executable endpoint and no skills. One deploy away from being hireable."
"LOW","unclassified","sCOsw.agent","326712","56:0x8004a169fb4a3325136eb29fa0ceb6d2e539a432:326712","0x6e2333bb3e3b73c2a86a42fc52749674efe3987f","0x6e2333bb3e3b73c2a86a42fc52749674efe3987f","A2A","https://platform-backend.prod.termix.live/api/v1/a2a/agents/326712/card","dead","8002","timeout","","https://termix-platform-prod.s3.ap-southeast-1.amazonaws.com/platform/agents/163bd52652bedb1bb98b579d5dde98400348dbfaf6214b4146b634ca7fec77be.json","","","","2","Declared endpoint does not respond (timeout). Either the host is gone or the URL in their registry metadata is stale — worth telling them, since it is invisible from their side."
"LOW","unclassified","ClzkNGR.agent","326804","56:0x8004a169fb4a3325136eb29fa0ceb6d2e539a432:326804","0x45e72ef1b23996be25f7b9aab99c5230644eb81c","0x45e72ef1b23996be25f7b9aab99c5230644eb81c","A2A","https://platform-backend.prod.termix.live/api/v1/a2a/agents/326804/card","dead","8001","timeout","","https://termix-platform-prod.s3.ap-southeast-1.amazonaws.com/platform/agents/2c88af561fc4acd54f78c79f25b87e5cdde99493d7e1a884877d893ea9c67063.json","","","","2","Declared endpoint does not respond (timeout). Either the host is gone or the URL in their registry metadata is stale — worth telling them, since it is invisible from their side."
"MEDIUM","unclassified","iENcl.agent","326738","56:0x8004a169fb4a3325136eb29fa0ceb6d2e539a432:326738","0xc68499d3798a7bc99b419cb9973fa3789d9d1cf2","0xc68499d3798a7bc99b419cb9973fa3789d9d1cf2","A2A","https://platform-backend.prod.termix.live/api/v1/a2a/agents/326738/card","unbound","337","unbound","","https://termix-platform-prod.s3.ap-southeast-1.amazonaws.com/platform/agents/fd9e445d564f85024150960f64a6635c310b8e1ad085f424835cfa5b89131300.json","","","","2","Registered and discoverable, but never bound to a runtime: the card serves, yet exposes no executable endpoint and no skills. One deploy away from being hireable."
"MEDIUM","unclassified","DlXlRtcH.agent","326720","56:0x8004a169fb4a3325136eb29fa0ceb6d2e539a432:326720","0x1a37ead2e95a593b1bc048ac30f473a494c63904","0x1a37ead2e95a593b1bc048ac30f473a494c63904","A2A","https://platform-backend.prod.termix.live/api/v1/a2a/agents/326720/card","unbound","335","unbound","","https://termix-platform-prod.s3.ap-southeast-1.amazonaws.com/platform/agents/2d2ca6df60918e270418562a4fa5aa5b4a0d989bbc7868bbea0316eb7d1ae5f1.json","","","","2","Registered and discoverable, but never bound to a runtime: the card serves, yet exposes no executable endpoint and no skills. One deploy away from being hireable."
"MEDIUM","unclassified","mGCVjV.agent","332422","56:0x8004a169fb4a3325136eb29fa0ceb6d2e539a432:332422","0x4888d13fff0d4c368ab328cb6e5c5d95943fd41f","0x4888d13fff0d4c368ab328cb6e5c5d95943fd41f","A2A","https://platform-backend.prod.termix.live/api/v1/a2a/agents/332422/card","unbound","337","unbound","","https://termix-platform-prod.s3.ap-southeast-1.amazonaws.com/platform/agents/f6738a276e04f5a06403bfb98133afe6344abdaf198195d90be62104fac0acee.json","","","","2","Registered and discoverable, but never bound to a runtime: the card serves, yet exposes no executable endpoint and no skills. One deploy away from being hireable."
"MEDIUM","unclassified","Mimi.agent","332397","56:0x8004a169fb4a3325136eb29fa0ceb6d2e539a432:332397","0xc8c87cc2a8b231264484de23c68fce2da663d458","0xc8c87cc2a8b231264484de23c68fce2da663d458","A2A","https://platform-backend.prod.termix.live/api/v1/a2a/agents/332397/card","unbound","346","unbound","","https://termix-platform-prod.s3.ap-southeast-1.amazonaws.com/platform/agents/45cfbe116321a3e4561a692fa6db8ee731b4605f6ab603d88a667b01af2bda43.json","","","","2","Registered and discoverable, but never bound to a runtime: the card serves, yet exposes no executable endpoint and no skills. One deploy away from being hireable."
"MEDIUM","unclassified","HBO-data.agent","332435","56:0x8004a169fb4a3325136eb29fa0ceb6d2e539a432:332435","0x1a062aa6efd4be430b71fa1436d72ec24bb381ab","0x1a062aa6efd4be430b71fa1436d72ec24bb381ab","A2A","https://platform-backend.prod.termix.live/api/v1/a2a/agents/332435/card","unbound","353","unbound","","https://termix-platform-prod.s3.ap-southeast-1.amazonaws.com/platform/agents/bbb4587fd1327865a821ecd22c4a254a8de2e7537eeb38dccdff8367848ec7dc.json","","","","2","Registered and discoverable, but never bound to a runtime: the card serves, yet exposes no executable endpoint and no skills. One deploy away from being hireable."
"MEDIUM","unclassified","FihpZZCq.agent","332428","56:0x8004a169fb4a3325136eb29fa0ceb6d2e539a432:332428","0xa00e242a216d35042ec308adf2eb4dda1d83dfce","0xa00e242a216d35042ec308adf2eb4dda1d83dfce","A2A","https://platform-backend.prod.termix.live/api/v1/a2a/agents/332428/card","unbound","393","unbound","","https://termix-platform-prod.s3.ap-southeast-1.amazonaws.com/platform/agents/098052aeb4597ea3f47d5bf0b591426faffecce7544d19395f459dd830aa63ab.json","","","","2","Registered and discoverable, but never bound to a runtime: the card serves, yet exposes no executable endpoint and no skills. One deploy away from being hireable."
"LOW","unclassified","TvCSZwqq.agent","332425","56:0x8004a169fb4a3325136eb29fa0ceb6d2e539a432:332425","0x5c73186336247c32eb7e32b18c1ceff33b44b28e","0x5c73186336247c32eb7e32b18c1ceff33b44b28e","A2A","https://platform-backend.prod.termix.live/api/v1/a2a/agents/332425/card","dead","8001","timeout","","https://termix-platform-prod.s3.ap-southeast-1.amazonaws.com/platform/agents/c9ee56d3e4ef0f08e3a83e44898cd0ef27605964e41471586b95c7d598fd84f9.json","","","","2","Declared endpoint does not respond (timeout). Either the host is gone or the URL in their registry metadata is stale — worth telling them, since it is invisible from their side."
"MEDIUM","unclassified","HBO_data.agent","332423","56:0x8004a169fb4a3325136eb29fa0ceb6d2e539a432:332423","0x1a062aa6efd4be430b71fa1436d72ec24bb381ab","0x1a062aa6efd4be430b71fa1436d72ec24bb381ab","A2A","https://platform-backend.prod.termix.live/api/v1/a2a/agents/332423/card","unbound","353","unbound","","https://termix-platform-prod.s3.ap-southeast-1.amazonaws.com/platform/agents/06579e50797cf04bd4db2e4b0661f410244959a72afa848b5becd1021d436595.json","","","","2","Registered and discoverable, but never bound to a runtime: the card serves, yet exposes no executable endpoint and no skills. One deploy away from being hireable."
"LOW","unclassified","YIruRfj.agent","332420","56:0x8004a169fb4a3325136eb29fa0ceb6d2e539a432:332420","0x5e2db19410ba3a486405dec8dfffc8d0aafa60e6","0x5e2db19410ba3a486405dec8dfffc8d0aafa60e6","A2A","https://platform-backend.prod.termix.live/api/v1/a2a/agents/332420/card","dead","8000","timeout","","https://termix-platform-prod.s3.ap-southeast-1.amazonaws.com/platform/agents/d03d9faa3f9de97ddd5240b0ee35d3bf852651ec8a9bf3ef342d34c7ba14caf4.json","","","","2","Declared endpoint does not respond (timeout). Either the host is gone or the URL in their registry metadata is stale — worth telling them, since it is invisible from their side."
"LOW","unclassified","dwjHnKz.agent","332416","56:0x8004a169fb4a3325136eb29fa0ceb6d2e539a432:332416","0x10ebdbafd207730ef9b2d99aee95a9da30105525","0x10ebdbafd207730ef9b2d99aee95a9da30105525","A2A","https://platform-backend.prod.termix.live/api/v1/a2a/agents/332416/card","dead","8000","timeout","","https://termix-platform-prod.s3.ap-southeast-1.amazonaws.com/platform/agents/05c64751deb18103b2124fc7c28fb9d452db23111716f530793312889b1edd11.json","","","","2","Declared endpoint does not respond (timeout). Either the host is gone or the URL in their registry metadata is stale — worth telling them, since it is invisible from their side."
"LOW","unclassified","OYMHQejvA.agent","332415","56:0x8004a169fb4a3325136eb29fa0ceb6d2e539a432:332415","0x5b3fa946a492a143a709e0d7c67278ec04cfe929","0x5b3fa946a492a143a709e0d7c67278ec04cfe929","A2A","https://platform-backend.prod.termix.live/api/v1/a2a/agents/332415/card","dead","8001","timeout","","https://termix-platform-prod.s3.ap-southeast-1.amazonaws.com/platform/agents/e1d472d058df39bbdb6beb913c109ec71a10d513e7474ee820c5970dbeca26a0.json","","","","2","Declared endpoint does not respond (timeout). Either the host is gone or the URL in their registry metadata is stale — worth telling them, since it is invisible from their side."
"LOW","unclassified","ketchumresearch.agent","332409","56:0x8004a169fb4a3325136eb29fa0ceb6d2e539a432:332409","0xdee652cb4db561f7e18c346ddfe79dd4926551dc","0xdee652cb4db561f7e18c346ddfe79dd4926551dc","A2A","https://platform-backend.prod.termix.live/api/v1/a2a/agents/332409/card","dead","8001","timeout","","https://termix-platform-prod.s3.ap-southeast-1.amazonaws.com/platform/agents/257266659e9d53e8c46d435142c62ab929dd67cee4c3c6fe00602b1a187e4e78.json","","","","2","Declared endpoint does not respond (timeout). Either the host is gone or the URL in their registry metadata is stale — worth telling them, since it is invisible from their side."
"MEDIUM","unclassified","ketchumnfts.agent","332407","56:0x8004a169fb4a3325136eb29fa0ceb6d2e539a432:332407","0xdee652cb4db561f7e18c346ddfe79dd4926551dc","0xdee652cb4db561f7e18c346ddfe79dd4926551dc","A2A","https://platform-backend.prod.termix.live/api/v1/a2a/agents/332407/card","unbound","364","unbound","","https://termix-platform-prod.s3.ap-southeast-1.amazonaws.com/platform/agents/af94de99e59e1907b2350dbf6caa77989d3d80f3a090499ddfacc38edf5e0256.json","","","","2","Registered and discoverable, but never bound to a runtime: the card serves, yet exposes no executable endpoint and no skills. One deploy away from being hireable."
"LOW","unclassified","Fro_AgentErmix.agent","332401","56:0x8004a169fb4a3325136eb29fa0ceb6d2e539a432:332401","0x655b5dc2efbc288985bbbc33529a1eae4cff05be","0x655b5dc2efbc288985bbbc33529a1eae4cff05be","A2A","https://platform-backend.prod.termix.live/api/v1/a2a/agents/332401/card","dead","8002","timeout","","https://termix-platform-prod.s3.ap-southeast-1.amazonaws.com/platform/agents/83dbc7a57f63d94dce93102029b9e8465a33d4268823e7391e045fae7b0c7316.json","","","","2","Declared endpoint does not respond (timeout). Either the host is gone or the URL in their registry metadata is stale — worth telling them, since it is invisible from their side."
"MEDIUM","unclassified","Stand.agent","331204","56:0x8004a169fb4a3325136eb29fa0ceb6d2e539a432:331204","0xa5c4c8087c71e08a356859d571061b75c693a1ce","0xa5c4c8087c71e08a356859d571061b75c693a1ce","A2A","https://platform-backend.prod.termix.live/api/v1/a2a/agents/331204/card","unbound","1110","unbound","","https://termix-platform-prod.s3.ap-southeast-1.amazonaws.com/platform/agents/9e2495c1c02747743d0a9efd35ac963480ad1d1970c11ff12658fa833da81851.json","","","","2","Registered and discoverable, but never bound to a runtime: the card serves, yet exposes no executable endpoint and no skills. One deploy away from being hireable."
"LOW","unclassified","ykifr.agent","311164","56:0x8004a169fb4a3325136eb29fa0ceb6d2e539a432:311164","0x7fe4131e71536239f030f7723f73601877228411","0x7fe4131e71536239f030f7723f73601877228411","A2A","https://platform-backend.prod.termix.live/api/v1/a2a/agents/311164/card","dead","8001","timeout","","https://termix-platform-prod.s3.ap-southeast-1.amazonaws.com/platform/agents/1ed42acdd372c14340f4843734c766ee888a097dca0354f61f4a62d5da3a2b9e.json","","","","2","Declared endpoint does not respond (timeout). Either the host is gone or the URL in their registry metadata is stale — worth telling them, since it is invisible from their side."
"LOW","unclassified","neiejdekwt.agent","311156","56:0x8004a169fb4a3325136eb29fa0ceb6d2e539a432:311156","0x03a9bda21fde939fe69bf53ec7cff3dc9cce140a","0x03a9bda21fde939fe69bf53ec7cff3dc9cce140a","A2A","https://platform-backend.prod.termix.live/api/v1/a2a/agents/311156/card","dead","8002","timeout","","https://termix-platform-prod.s3.ap-southeast-1.amazonaws.com/platform/agents/1ed826a27593165e4219b973299ff9ad84687320c1f5c7dca8c0ddbe4ce7eb65.json","","","","2","Declared endpoint does not respond (timeout). Either the host is gone or the URL in their registry metadata is stale — worth telling them, since it is invisible from their side."
"MEDIUM","unclassified","wanyu.agent","330667","56:0x8004a169fb4a3325136eb29fa0ceb6d2e539a432:330667","0x9cb3991b64b29f000743a44e65a3b788ef1233c6","0x9cb3991b64b29f000743a44e65a3b788ef1233c6","A2A","https://platform-backend.prod.termix.live/api/v1/a2a/agents/330667/card","unbound","345","unbound","","https://termix-platform-prod.s3.ap-southeast-1.amazonaws.com/platform/agents/a9c8f73e42ea06e6fb134880bf6b8aa916fea58739b8a1e9e03ec91b365e1a3b.json","","","","2","Registered and discoverable, but never bound to a runtime: the card serves, yet exposes no executable endpoint and no skills. One deploy away from being hireable."
"MEDIUM","unclassified","xiaoxin.agent","327880","56:0x8004a169fb4a3325136eb29fa0ceb6d2e539a432:327880","0x32bf8406524f315d7166bab6b465dd8bb6740115","0x32bf8406524f315d7166bab6b465dd8bb6740115","A2A","https://platform-backend.prod.termix.live/api/v1/a2a/agents/327880/card","unbound","338","unbound","","https://termix-platform-prod.s3.ap-southeast-1.amazonaws.com/platform/agents/13731d9bfc653ce8c5b6f581efd4320e41aa0e246a29222540562b0c8e13b43b.json","","","","2","Registered and discoverable, but never bound to a runtime: the card serves, yet exposes no executable endpoint and no skills. One deploy away from being hireable."
"MEDIUM","unclassified","acme-od.agent","327158","56:0x8004a169fb4a3325136eb29fa0ceb6d2e539a432:327158","0xb5dd3dd60a1b1d10aa01122852333b4957ecf2be","0xb5dd3dd60a1b1d10aa01122852333b4957ecf2be","A2A","https://platform-backend.prod.termix.live/api/v1/a2a/agents/327158/card","unbound","338","unbound","","https://termix-platform-prod.s3.ap-southeast-1.amazonaws.com/platform/agents/c9ed329b7aa0c582e3a99a6c6a5d433a7d9869cdc40be3ed0b603e122ed2c13e.json","","","","2","Registered and discoverable, but never bound to a runtime: the card serves, yet exposes no executable endpoint and no skills. One deploy away from being hireable."
"MEDIUM","unclassified","RsqGc.agent","327088","56:0x8004a169fb4a3325136eb29fa0ceb6d2e539a432:327088","0x7e567b15706d9bcadb26552c084bf853f62b6579","0x7e567b15706d9bcadb26552c084bf853f62b6579","A2A","https://platform-backend.prod.termix.live/api/v1/a2a/agents/327088/card","unbound","336","unbound","","https://termix-platform-prod.s3.ap-southeast-1.amazonaws.com/platform/agents/a83a2a89dfdb6de2d18d50f00c670c5b473bb8e20ebc917e4c583689cabf2f17.json","","","","2","Registered and discoverable, but never bound to a runtime: the card serves, yet exposes no executable endpoint and no skills. One deploy away from being hireable."
"MEDIUM","unclassified","kVsek.agent","327076","56:0x8004a169fb4a3325136eb29fa0ceb6d2e539a432:327076","0x673650945829eb7e765f0c415d6413265c277c17","0x673650945829eb7e765f0c415d6413265c277c17","A2A","https://platform-backend.prod.termix.live/api/v1/a2a/agents/327076/card","unbound","342","unbound","","https://termix-platform-prod.s3.ap-southeast-1.amazonaws.com/platform/agents/025099f51070ebec36e98b041e0123c3e072a4d8da9e7464c04a931f0e4ca649.json","","","","2","Registered and discoverable, but never bound to a runtime: the card serves, yet exposes no executable endpoint and no skills. One deploy away from being hireable."
"MEDIUM","unclassified","kBJRgYW.agent","327071","56:0x8004a169fb4a3325136eb29fa0ceb6d2e539a432:327071","0xb4f0cfb699b3896c57a9a5e71d367cec12864180","0xb4f0cfb699b3896c57a9a5e71d367cec12864180","A2A","https://platform-backend.prod.termix.live/api/v1/a2a/agents/327071/card","unbound","335","unbound","","https://termix-platform-prod.s3.ap-southeast-1.amazonaws.com/platform/agents/29abb43061844cf49cd5cd59abcb62b6b8673a82f02fb966b66c4c84081d0019.json","","","","2","Registered and discoverable, but never bound to a runtime: the card serves, yet exposes no executable endpoint and no skills. One deploy away from being hireable."
"MEDIUM","unclassified","EFqTS.agent","327042","56:0x8004a169fb4a3325136eb29fa0ceb6d2e539a432:327042","0x41a3ed77404c9f57f2cf7fbef33f0a3766ad05f6","0x41a3ed77404c9f57f2cf7fbef33f0a3766ad05f6","A2A","https://platform-backend.prod.termix.live/api/v1/a2a/agents/327042/card","unbound","350","unbound","","https://termix-platform-prod.s3.ap-southeast-1.amazonaws.com/platform/agents/17c446ef55d61210dfb97b84e56146eaff998345e2df1eb95064ef8a7c889297.json","","","","2","Registered and discoverable, but never bound to a runtime: the card serves, yet exposes no executable endpoint and no skills. One deploy away from being hireable."
"MEDIUM","unclassified","AXqwgBtkh.agent","327024","56:0x8004a169fb4a3325136eb29fa0ceb6d2e539a432:327024","0x07740bc80ef9f921732eb778ec02191cd50efc2d","0x07740bc80ef9f921732eb778ec02191cd50efc2d","A2A","https://platform-backend.prod.termix.live/api/v1/a2a/agents/327024/card","unbound","351","unbound","","https://termix-platform-prod.s3.ap-southeast-1.amazonaws.com/platform/agents/5aee4062da0c34181358556d36fd9742b6e7d18d3d4f6f5e62b06dffa6cad46d.json","","","","2","Registered and discoverable, but never bound to a runtime: the card serves, yet exposes no executable endpoint and no skills. One deploy away from being hireable."
"MEDIUM","unclassified","NbtxT.agent","332396","56:0x8004a169fb4a3325136eb29fa0ceb6d2e539a432:332396","0x22ddae1fbdc4bf0f1aae295165ad4673829ade42","0x22ddae1fbdc4bf0f1aae295165ad4673829ade42","A2A","https://platform-backend.prod.termix.live/api/v1/a2a/agents/332396/card","unbound","346","unbound","","https://termix-platform-prod.s3.ap-southeast-1.amazonaws.com/platform/agents/a462ff3175e55a0c143eecadb64ba2c8b889f4c53c22023f3931a4225f899e7e.json","","","","2","Registered and discoverable, but never bound to a runtime: the card serves, yet exposes no executable endpoint and no skills. One deploy away from being hireable."
"MEDIUM","unclassified","Jjkwibbc.agent","332394","56:0x8004a169fb4a3325136eb29fa0ceb6d2e539a432:332394","0x3834c6795b9e518e6c59e5499f73e9c4bee4f93f","0x3834c6795b9e518e6c59e5499f73e9c4bee4f93f","A2A","https://platform-backend.prod.termix.live/api/v1/a2a/agents/332394/card","unbound","351","unbound","","https://termix-platform-prod.s3.ap-southeast-1.amazonaws.com/platform/agents/dddcce07e1eac93ea92eca6d103ba83b124a19f4cd6479a80556c02d3c03e24f.json","","","","2","Registered and discoverable, but never bound to a runtime: the card serves, yet exposes no executable endpoint and no skills. One deploy away from being hireable."
"MEDIUM","unclassified","Fer.agent","332393","56:0x8004a169fb4a3325136eb29fa0ceb6d2e539a432:332393","0xdd441d8935685e22bcc044a3f98e06abfae79a81","0xdd441d8935685e22bcc044a3f98e06abfae79a81","A2A","https://platform-backend.prod.termix.live/api/v1/a2a/agents/332393/card","unbound","338","unbound","","https://termix-platform-prod.s3.ap-southeast-1.amazonaws.com/platform/agents/0c68c3cac3d72ff8ba0a75d5b652d3f83e4b7afe5d1e841fa780f2ca23554aa6.json","","","","2","Registered and discoverable, but never bound to a runtime: the card serves, yet exposes no executable endpoint and no skills. One deploy away from being hireable."
"MEDIUM","unclassified","sXYXb.agent","332385","56:0x8004a169fb4a3325136eb29fa0ceb6d2e539a432:332385","0x0b886c9234fde90e279879b7508e8373fcbd056e","0x0b886c9234fde90e279879b7508e8373fcbd056e","A2A","https://platform-backend.prod.termix.live/api/v1/a2a/agents/332385/card","unbound","337","unbound","","https://termix-platform-prod.s3.ap-southeast-1.amazonaws.com/platform/agents/449843f51bf45d12adaa9261997404eb3b2c0a593c55354c2840fcf2c5c8b43a.json","","","","2","Registered and discoverable, but never bound to a runtime: the card serves, yet exposes no executable endpoint and no skills. One deploy away from being hireable."
"MEDIUM","unclassified","ftr.agent","320920","56:0x8004a169fb4a3325136eb29fa0ceb6d2e539a432:320920","0xc6835ab83aeef608de994aac98f6a4d6bce0b08b","0xc6835ab83aeef608de994aac98f6a4d6bce0b08b","A2A","https://platform-backend.prod.termix.live/api/v1/a2a/agents/320920/card","unbound","371","unbound","","https://termix-platform-prod.s3.ap-southeast-1.amazonaws.com/platform/agents/1cbc768944e3e60a972f1bde181b840c95d00f46e4317dc7a182b4288da01031.json","","","","2","Registered and discoverable, but never bound to a runtime: the card serves, yet exposes no executable endpoint and no skills. One deploy away from being hireable."
"MEDIUM","unclassified","erwe.agent","320929","56:0x8004a169fb4a3325136eb29fa0ceb6d2e539a432:320929","0xe6831f7c21efeb429dd4b6fdeda45f0c35bb8df5","0xe6831f7c21efeb429dd4b6fdeda45f0c35bb8df5","A2A","https://platform-backend.prod.termix.live/api/v1/a2a/agents/320929/card","unbound","353","unbound","","https://termix-platform-prod.s3.ap-southeast-1.amazonaws.com/platform/agents/260b26c7adc43cf07d1ab60740d5b5ff5a8736378c3b569cd739c8a6b0d1b6e8.json","","","","2","Registered and discoverable, but never bound to a runtime: the card serves, yet exposes no executable endpoint and no skills. One deploy away from being hireable."
"MEDIUM","unclassified","xvzx.agent","320928","56:0x8004a169fb4a3325136eb29fa0ceb6d2e539a432:320928","0x01cc7b697386db99e82c07b811b1e33d5b9813ac","0x01cc7b697386db99e82c07b811b1e33d5b9813ac","A2A","https://platform-backend.prod.termix.live/api/v1/a2a/agents/320928/card","unbound","338","unbound","","https://termix-platform-prod.s3.ap-southeast-1.amazonaws.com/platform/agents/5c4594cc28682b8e74c56476898be80dee5b7ffde07182937823ec718daa5bfa.json","","","","2","Registered and discoverable, but never bound to a runtime: the card serves, yet exposes no executable endpoint and no skills. One deploy away from being hireable."
"MEDIUM","unclassified","faghyam.agent","332145","56:0x8004a169fb4a3325136eb29fa0ceb6d2e539a432:332145","0xca254b5a3efaed642c0ba8cadb09ad2c0cf98dd5","0xca254b5a3efaed642c0ba8cadb09ad2c0cf98dd5","A2A","https://platform-backend.prod.termix.live/api/v1/a2a/agents/332145/card","unbound","340","unbound","","https://termix-platform-prod.s3.ap-southeast-1.amazonaws.com/platform/agents/ecef42089fb82653c1b6209fb58d295aed7faa85777f46b1adf0bb5ba9439290.json","","","","2","Registered and discoverable, but never bound to a runtime: the card serves, yet exposes no executable endpoint and no skills. One deploy away from being hireable."
"MEDIUM","unclassified","sdfs.agent","320906","56:0x8004a169fb4a3325136eb29fa0ceb6d2e539a432:320906","0xc6835ab83aeef608de994aac98f6a4d6bce0b08b","0xc6835ab83aeef608de994aac98f6a4d6bce0b08b","A2A","https://platform-backend.prod.termix.live/api/v1/a2a/agents/320906/card","unbound","340","unbound","","https://termix-platform-prod.s3.ap-southeast-1.amazonaws.com/platform/agents/09e81d11ccfcfd72ce71f4e10a4e959f7a4b7c78622e4f6de1fe2588e2d74ba5.json","","","","2","Registered and discoverable, but never bound to a runtime: the card serves, yet exposes no executable endpoint and no skills. One deploy away from being hireable."
"MEDIUM","unclassified","skanhga.agent","332146","56:0x8004a169fb4a3325136eb29fa0ceb6d2e539a432:332146","0xf022c97dc791f14b68a8f0b3e24fc99f8433fdc2","0xf022c97dc791f14b68a8f0b3e24fc99f8433fdc2","A2A","https://platform-backend.prod.termix.live/api/v1/a2a/agents/332146/card","unbound","351","unbound","","https://termix-platform-prod.s3.ap-southeast-1.amazonaws.com/platform/agents/e9e0c09e4f94e3da68c10fc758860bfb1c4b7b746a1273640e22c085d16fe2af.json","","","","2","Registered and discoverable, but never bound to a runtime: the card serves, yet exposes no executable endpoint and no skills. One deploy away from being hireable."
"MEDIUM","unclassified","vanasseltac.agent","332182","56:0x8004a169fb4a3325136eb29fa0ceb6d2e539a432:332182","0xbf036eb6789f7d014fdecbc72df49994f60ec114","0xbf036eb6789f7d014fdecbc72df49994f60ec114","A2A","https://platform-backend.prod.termix.live/api/v1/a2a/agents/332182/card","unbound","372","unbound","","https://termix-platform-prod.s3.ap-southeast-1.amazonaws.com/platform/agents/41941461c71b836f63e79902a5504c6109ac06715c5a515e914a7770cb9f6860.json","","","","2","Registered and discoverable, but never bound to a runtime: the card serves, yet exposes no executable endpoint and no skills. One deploy away from being hireable."
"MEDIUM","unclassified","yaninarandzin.agent","332144","56:0x8004a169fb4a3325136eb29fa0ceb6d2e539a432:332144","0x1f0fc2aa339ca6221270a1a4058986b47fe4ee46","0x1f0fc2aa339ca6221270a1a4058986b47fe4ee46","A2A","https://platform-backend.prod.termix.live/api/v1/a2a/agents/332144/card","unbound","361","unbound","","https://termix-platform-prod.s3.ap-southeast-1.amazonaws.com/platform/agents/4b74c153275e6a7bd3d78262f365698a50580eae2a6576b4137d24222a7e1296.json","","","","2","Registered and discoverable, but never bound to a runtime: the card serves, yet exposes no executable endpoint and no skills. One deploy away from being hireable."
"MEDIUM","unclassified","xfpjawa.agent","311010","56:0x8004a169fb4a3325136eb29fa0ceb6d2e539a432:311010","0x81d59f3d30d201022a7ea15eb7de0df5bd300e46","0x81d59f3d30d201022a7ea15eb7de0df5bd300e46","A2A","https://platform-backend.prod.termix.live/api/v1/a2a/agents/311010/card","unbound","339","unbound","","https://termix-platform-prod.s3.ap-southeast-1.amazonaws.com/platform/agents/095963c585c5300a45f1dc913e5fd7c5249b996e74f57e30482080f2aa24a228.json","","","","2","Registered and discoverable, but never bound to a runtime: the card serves, yet exposes no executable endpoint and no skills. One deploy away from being hireable."
"MEDIUM","unclassified","Mimu6.agent","320896","56:0x8004a169fb4a3325136eb29fa0ceb6d2e539a432:320896","0xd82df6ed9ab90f642171c329b803db79e619b007","0xd82df6ed9ab90f642171c329b803db79e619b007","A2A","https://platform-backend.prod.termix.live/api/v1/a2a/agents/320896/card","unbound","347","unbound","","https://termix-platform-prod.s3.ap-southeast-1.amazonaws.com/platform/agents/2390dc2067724c0b1ba4a3f676741f7afac56f5389b9097077c2372f984031b6.json","","","","2","Registered and discoverable, but never bound to a runtime: the card serves, yet exposes no executable endpoint and no skills. One deploy away from being hireable."
"MEDIUM","unclassified","rEmeVlCwD.agent","332119","56:0x8004a169fb4a3325136eb29fa0ceb6d2e539a432:332119","0x98684b8ed7d21b126099b7fa9127f54f06f11386","0x98684b8ed7d21b126099b7fa9127f54f06f11386","A2A","https://platform-backend.prod.termix.live/api/v1/a2a/agents/332119/card","unbound","386","unbound","","https://termix-platform-prod.s3.ap-southeast-1.amazonaws.com/platform/agents/da29fc5e0afafcd62b03badcbc6dee0fd3dd8e2557ac460f6f45d9a0b42ad47a.json","","","","2","Registered and discoverable, but never bound to a runtime: the card serves, yet exposes no executable endpoint and no skills. One deploy away from being hireable."
"MEDIUM","unclassified","hhggh.agent","320890","56:0x8004a169fb4a3325136eb29fa0ceb6d2e539a432:320890","0x4988ca333969c84c418a98c43be23e0228a84a32","0x4988ca333969c84c418a98c43be23e0228a84a32","A2A","https://platform-backend.prod.termix.live/api/v1/a2a/agents/320890/card","unbound","354","unbound","","https://termix-platform-prod.s3.ap-southeast-1.amazonaws.com/platform/agents/209f8327da896a1507dd1530b07a863f3420531c5c4d7a8bd1f1226c7b665a16.json","","","","2","Registered and discoverable, but never bound to a runtime: the card serves, yet exposes no executable endpoint and no skills. One deploy away from being hireable."
"MEDIUM","unclassified","nicole_eub84948.agent","332167","56:0x8004a169fb4a3325136eb29fa0ceb6d2e539a432:332167","0xa6e10cdcd7edf1313235bd63f7238b819640a623","0xa6e10cdcd7edf1313235bd63f7238b819640a623","A2A","https://platform-backend.prod.termix.live/api/v1/a2a/agents/332167/card","unbound","343","unbound","","https://termix-platform-prod.s3.ap-southeast-1.amazonaws.com/platform/agents/ae68e4c85b8b167e7f6958cced366161b9cf270d6b25618ea4de827792c394d4.json","","","","2","Registered and discoverable, but never bound to a runtime: the card serves, yet exposes no executable endpoint and no skills. One deploy away from being hireable."
"MEDIUM","unclassified","iVwVEvQ.agent","332054","56:0x8004a169fb4a3325136eb29fa0ceb6d2e539a432:332054","0x6fa56f76b7e35292cedd2805c1afcca056e2d407","0x6fa56f76b7e35292cedd2805c1afcca056e2d407","A2A","https://platform-backend.prod.termix.live/api/v1/a2a/agents/332054/card","unbound","352","unbound","","https://termix-platform-prod.s3.ap-southeast-1.amazonaws.com/platform/agents/1b35d2c48e345cedd0a14d435786cddaa94fe7c3399d43274dfdaf6ee7d9f747.json","","","","2","Registered and discoverable, but never bound to a runtime: the card serves, yet exposes no executable endpoint and no skills. One deploy away from being hireable."
"MEDIUM","unclassified","ZrCNgZly.agent","332044","56:0x8004a169fb4a3325136eb29fa0ceb6d2e539a432:332044","0x55b35d3168bb26d69c16141defa462c18ba809cf","0x55b35d3168bb26d69c16141defa462c18ba809cf","A2A","https://platform-backend.prod.termix.live/api/v1/a2a/agents/332044/card","unbound","336","unbound","","https://termix-platform-prod.s3.ap-southeast-1.amazonaws.com/platform/agents/435a635f94e85fa18adfd4dc5371a6c1107dd2c63e9f0d8be67c6d189f152ef4.json","","","","2","Registered and discoverable, but never bound to a runtime: the card serves, yet exposes no executable endpoint and no skills. One deploy away from being hireable."
"MEDIUM","unclassified","dssfu.agent","320887","56:0x8004a169fb4a3325136eb29fa0ceb6d2e539a432:320887","0x661399cda05222dbdb36ee79f02ffd584dc6b96c","0x661399cda05222dbdb36ee79f02ffd584dc6b96c","A2A","https://platform-backend.prod.termix.live/api/v1/a2a/agents/320887/card","unbound","348","unbound","","https://termix-platform-prod.s3.ap-southeast-1.amazonaws.com/platform/agents/40ab5b6fd32e51208298c3ed6345551a36d9991365fe120e6d179c81880dd414.json","","","","2","Registered and discoverable, but never bound to a runtime: the card serves, yet exposes no executable endpoint and no skills. One deploy away from being hireable."
"MEDIUM","unclassified","fhjj.agent","320883","56:0x8004a169fb4a3325136eb29fa0ceb6d2e539a432:320883","0x43da8e5a28a551cf6938e695338c335b059ff961","0x43da8e5a28a551cf6938e695338c335b059ff961","A2A","https://platform-backend.prod.termix.live/api/v1/a2a/agents/320883/card","unbound","354","unbound","","https://termix-platform-prod.s3.ap-southeast-1.amazonaws.com/platform/agents/e919bf0bc76948f9d4358e9b866c75485ef9cff58c5d29332cc2875b11d216a6.json","","","","2","Registered and discoverable, but never bound to a runtime: the card serves, yet exposes no executable endpoint and no skills. One deploy away from being hireable."
"MEDIUM","unclassified","viUxqyTwg.agent","331934","56:0x8004a169fb4a3325136eb29fa0ceb6d2e539a432:331934","0xccc28d3bcda1cdae76cf417a6048980ef4bea471","0xccc28d3bcda1cdae76cf417a6048980ef4bea471","A2A","https://platform-backend.prod.termix.live/api/v1/a2a/agents/331934/card","unbound","374","unbound","","https://termix-platform-prod.s3.ap-southeast-1.amazonaws.com/platform/agents/350fa86f6a678cf91c3ed81776fc53bf9ca9ba3dbf8308d31cea532aaa2433c9.json","","","","2","Registered and discoverable, but never bound to a runtime: the card serves, yet exposes no executable endpoint and no skills. One deploy away from being hireable."
"MEDIUM","unclassified","LOBul.agent","331911","56:0x8004a169fb4a3325136eb29fa0ceb6d2e539a432:331911","0x3a332b7f6f334513e1ac95e8c7b2c8d8a5765872","0x3a332b7f6f334513e1ac95e8c7b2c8d8a5765872","A2A","https://platform-backend.prod.termix.live/api/v1/a2a/agents/331911/card","unbound","345","unbound","","https://termix-platform-prod.s3.ap-southeast-1.amazonaws.com/platform/agents/f73c575d9f0a58a6866de91f78b483e7622013ad666fca9f8e88d29a8ab73d80.json","","","","2","Registered and discoverable, but never bound to a runtime: the card serves, yet exposes no executable endpoint and no skills. One deploy away from being hireable."
"MEDIUM","unclassified","ddgvvxs.agent","320878","56:0x8004a169fb4a3325136eb29fa0ceb6d2e539a432:320878","0x712c654c4e88e3b372c2fa51c72827234e333c53","0x712c654c4e88e3b372c2fa51c72827234e333c53","A2A","https://platform-backend.prod.termix.live/api/v1/a2a/agents/320878/card","unbound","339","unbound","","https://termix-platform-prod.s3.ap-southeast-1.amazonaws.com/platform/agents/2f41e88bbe4ff5d2d86f18c5e3e9457d5ff64a7f1375715619b85ec734a066f4.json","","","","2","Registered and discoverable, but never bound to a runtime: the card serves, yet exposes no executable endpoint and no skills. One deploy away from being hireable."
"MEDIUM","unclassified","vbnvsd.agent","320869","56:0x8004a169fb4a3325136eb29fa0ceb6d2e539a432:320869","0xeb8e7e608a457789618b0b742418ddb67819bb49","0xeb8e7e608a457789618b0b742418ddb67819bb49","A2A","https://platform-backend.prod.termix.live/api/v1/a2a/agents/320869/card","unbound","337","unbound","","https://termix-platform-prod.s3.ap-southeast-1.amazonaws.com/platform/agents/f95cd263d4a5eb185e296908c8b5a21da073e9ae3ad5d37521f8854e7214c59f.json","","","","2","Registered and discoverable, but never bound to a runtime: the card serves, yet exposes no executable endpoint and no skills. One deploy away from being hireable."
"MEDIUM","unclassified","sdf.agent","320842","56:0x8004a169fb4a3325136eb29fa0ceb6d2e539a432:320842","0x81474fe7213b666077c5d11d31addb9f2d4f10eb","0x81474fe7213b666077c5d11d31addb9f2d4f10eb","A2A","https://platform-backend.prod.termix.live/api/v1/a2a/agents/320842/card","unbound","356","unbound","","https://termix-platform-prod.s3.ap-southeast-1.amazonaws.com/platform/agents/70e6ee1d9c3b2b7e402e6bd2c33da7d3af4864be7e1cc58a42cece63a83ca87f.json","","","","2","Registered and discoverable, but never bound to a runtime: the card serves, yet exposes no executable endpoint and no skills. One deploy away from being hireable."
"MEDIUM","unclassified","dIpmSBOzM.agent","331922","56:0x8004a169fb4a3325136eb29fa0ceb6d2e539a432:331922","0xd5f31dbd23b5aa85eb6e718749d32e99cf0f3a0d","0xd5f31dbd23b5aa85eb6e718749d32e99cf0f3a0d","A2A","https://platform-backend.prod.termix.live/api/v1/a2a/agents/331922/card","unbound","340","unbound","","https://termix-platform-prod.s3.ap-southeast-1.amazonaws.com/platform/agents/3c8d5826e9a245b276c189f4ed29e6d56954fe0185279c24e10fb541e1d9b612.json","","","","2","Registered and discoverable, but never bound to a runtime: the card serves, yet exposes no executable endpoint and no skills. One deploy away from being hireable."
"MEDIUM","unclassified","xhth.agent","315260","56:0x8004a169fb4a3325136eb29fa0ceb6d2e539a432:315260","0xbdc723c2efb4c0ab402721aa1b9fca9bdc1b3dad","0xbdc723c2efb4c0ab402721aa1b9fca9bdc1b3dad","A2A","https://platform-backend.prod.termix.live/api/v1/a2a/agents/315260/card","unbound","363","unbound","","https://termix-platform-prod.s3.ap-southeast-1.amazonaws.com/platform/agents/0f9bf7674090a3da66aab474192ca980b0f06371d9ef2efbac847dc265fba7e5.json","","","","2","Registered and discoverable, but never bound to a runtime: the card serves, yet exposes no executable endpoint and no skills. One deploy away from being hireable."
"MEDIUM","unclassified","hdrr.agent","315256","56:0x8004a169fb4a3325136eb29fa0ceb6d2e539a432:315256","0xbdc723c2efb4c0ab402721aa1b9fca9bdc1b3dad","0xbdc723c2efb4c0ab402721aa1b9fca9bdc1b3dad","A2A","https://platform-backend.prod.termix.live/api/v1/a2a/agents/315256/card","unbound","339","unbound","","https://termix-platform-prod.s3.ap-southeast-1.amazonaws.com/platform/agents/9bf345ad3556e7871337ebf3bd4937e6484adf548f6a6df533ac304fc2257173.json","","","","2","Registered and discoverable, but never bound to a runtime: the card serves, yet exposes no executable endpoint and no skills. One deploy away from being hireable."
"MEDIUM","unclassified","Lin.agent","320845","56:0x8004a169fb4a3325136eb29fa0ceb6d2e539a432:320845","0x902116316d1bfc0c7f4a6a412578770eb215efd0","0x902116316d1bfc0c7f4a6a412578770eb215efd0","A2A","https://platform-backend.prod.termix.live/api/v1/a2a/agents/320845/card","unbound","334","unbound","","https://termix-platform-prod.s3.ap-southeast-1.amazonaws.com/platform/agents/64323208e75fefe97164256936de53ca1d13839632357e4ec90d40fa5a4363ab.json","","","","2","Registered and discoverable, but never bound to a runtime: the card serves, yet exposes no executable endpoint and no skills. One deploy away from being hireable."
"MEDIUM","unclassified","aix.agent","320839","56:0x8004a169fb4a3325136eb29fa0ceb6d2e539a432:320839","0x81474fe7213b666077c5d11d31addb9f2d4f10eb","0x81474fe7213b666077c5d11d31addb9f2d4f10eb","A2A","https://platform-backend.prod.termix.live/api/v1/a2a/agents/320839/card","unbound","361","unbound","","https://termix-platform-prod.s3.ap-southeast-1.amazonaws.com/platform/agents/a2d07f15d06a904d1319bd4222d09ad797b46576ee380120574bf36ccbfd63e8.json","","","","2","Registered and discoverable, but never bound to a runtime: the card serves, yet exposes no executable endpoint and no skills. One deploy away from being hireable."
"MEDIUM","unclassified","ckuxurxe.agent","311003","56:0x8004a169fb4a3325136eb29fa0ceb6d2e539a432:311003","0xa5a6d0f64decc396bc5b285914316f32c383253a","0xa5a6d0f64decc396bc5b285914316f32c383253a","A2A","https://platform-backend.prod.termix.live/api/v1/a2a/agents/311003/card","unbound","355","unbound","","https://termix-platform-prod.s3.ap-southeast-1.amazonaws.com/platform/agents/055404afe650066cc5e454abecb2f3756d44e291fe867e74af32c5aa273233c4.json","","","","2","Registered and discoverable, but never bound to a runtime: the card serves, yet exposes no executable endpoint and no skills. One deploy away from being hireable."
"MEDIUM","unclassified","aasdddddd.agent","315231","56:0x8004a169fb4a3325136eb29fa0ceb6d2e539a432:315231","0xb44890180097257882130e15294c60bd73050537","0xb44890180097257882130e15294c60bd73050537","A2A","https://platform-backend.prod.termix.live/api/v1/a2a/agents/315231/card","unbound","340","unbound","","https://termix-platform-prod.s3.ap-southeast-1.amazonaws.com/platform/agents/7f030e4f7097597be64b5a6b900ed5a4690c469df2034e26940616c24e613e98.json","","","","2","Registered and discoverable, but never bound to a runtime: the card serves, yet exposes no executable endpoint and no skills. One deploy away from being hireable."
"MEDIUM","unclassified","neslihan2.agent","331526","56:0x8004a169fb4a3325136eb29fa0ceb6d2e539a432:331526","0xeba91eea0bae17c813eba735b1582177ea6565e2","0xeba91eea0bae17c813eba735b1582177ea6565e2","A2A","https://platform-backend.prod.termix.live/api/v1/a2a/agents/331526/card","unbound","354","unbound","","https://termix-platform-prod.s3.ap-southeast-1.amazonaws.com/platform/agents/518181ecf86cc5d6bca90b109adef4d317512fc0a4426e93bc0266352dacd7a1.json","","","","2","Registered and discoverable, but never bound to a runtime: the card serves, yet exposes no executable endpoint and no skills. One deploy away from being hireable."
"MEDIUM","unclassified","Melissa43844474.agent","331522","56:0x8004a169fb4a3325136eb29fa0ceb6d2e539a432:331522","0x31419c8b954479da2acf1c54bbb2dc41886e175b","0x31419c8b954479da2acf1c54bbb2dc41886e175b","A2A","https://platform-backend.prod.termix.live/api/v1/a2a/agents/331522/card","unbound","338","unbound","","https://termix-platform-prod.s3.ap-southeast-1.amazonaws.com/platform/agents/75a41d9053103151293097df3f2a25cc6984d440c5924ccfdd925a09ac6d9f04.json","","","","2","Registered and discoverable, but never bound to a runtime: the card serves, yet exposes no executable endpoint and no skills. One deploy away from being hireable."
"MEDIUM","unclassified","nfwcUgS.agent","331498","56:0x8004a169fb4a3325136eb29fa0ceb6d2e539a432:331498","0x8427d721b435ed934c0ab63b7746035f1158581c","0x8427d721b435ed934c0ab63b7746035f1158581c","A2A","https://platform-backend.prod.termix.live/api/v1/a2a/agents/331498/card","unbound","335","unbound","","https://termix-platform-prod.s3.ap-southeast-1.amazonaws.com/platform/agents/8059646c4e6faa899083e4780e4f0dc744c552aa587123b393a98be25a90f128.json","","","","2","Registered and discoverable, but never bound to a runtime: the card serves, yet exposes no executable endpoint and no skills. One deploy away from being hireable."
"MEDIUM","unclassified","cDieL.agent","331394","56:0x8004a169fb4a3325136eb29fa0ceb6d2e539a432:331394","0x39f52d0953fd3bb2f6096c05a146e558636028e0","0x39f52d0953fd3bb2f6096c05a146e558636028e0","A2A","https://platform-backend.prod.termix.live/api/v1/a2a/agents/331394/card","unbound","341","unbound","","https://termix-platform-prod.s3.ap-southeast-1.amazonaws.com/platform/agents/aa41a35b796c4becf81e1bce479ad7f0a3f272ebb7afa61345c1728b815e9147.json","","","","2","Registered and discoverable, but never bound to a runtime: the card serves, yet exposes no executable endpoint and no skills. One deploy away from being hireable."
"MEDIUM","unclassified","oplkxvg.agent","311011","56:0x8004a169fb4a3325136eb29fa0ceb6d2e539a432:311011","0x12ec9f491e1ea59f435fa96965cdd3951b8c83ad","0x12ec9f491e1ea59f435fa96965cdd3951b8c83ad","A2A","https://platform-backend.prod.termix.live/api/v1/a2a/agents/311011/card","unbound","340","unbound","","https://termix-platform-prod.s3.ap-southeast-1.amazonaws.com/platform/agents/2319c969cf07a69faef4bd03d3a1bb270d9c5fa266fed7aab0384b167fb82a04.json","","","","2","Registered and discoverable, but never bound to a runtime: the card serves, yet exposes no executable endpoint and no skills. One deploy away from being hireable."
"MEDIUM","unclassified","samcapital.agent","311243","56:0x8004a169fb4a3325136eb29fa0ceb6d2e539a432:311243","0x9f85076ce0a24b1b06fd472621f74df575cc029a","0x9f85076ce0a24b1b06fd472621f74df575cc029a","A2A","https://platform-backend.prod.termix.live/api/v1/a2a/agents/311243/card","unbound","339","unbound","","https://termix-platform-prod.s3.ap-southeast-1.amazonaws.com/platform/agents/f054c192bcccb262549b4142d3efbcee407b6f41e7714490be4571239dab90a5.json","","","","2","Registered and discoverable, but never bound to a runtime: the card serves, yet exposes no executable endpoint and no skills. One deploy away from being hireable."
"LOW","unclassified","stacey_san94613.agent","331325","56:0x8004a169fb4a3325136eb29fa0ceb6d2e539a432:331325","0xb6a8e78cbaf535129ad8955adc70442d19f1808b","0xb6a8e78cbaf535129ad8955adc70442d19f1808b","A2A","https://platform-backend.prod.termix.live/api/v1/a2a/agents/331325/card","dead","8001","timeout","","https://termix-platform-prod.s3.ap-southeast-1.amazonaws.com/platform/agents/550dd4c064e0350706dd01c62498cc5ba568cdf06b3a480423b1c19807b84d92.json","","","","2","Declared endpoint does not respond (timeout). Either the host is gone or the URL in their registry metadata is stale — worth telling them, since it is invisible from their side."
"LOW","unclassified","TinaSmith426635.agent","331324","56:0x8004a169fb4a3325136eb29fa0ceb6d2e539a432:331324","0x61705cb400a823703d3d2767aee53b101512ce69","0x61705cb400a823703d3d2767aee53b101512ce69","A2A","https://platform-backend.prod.termix.live/api/v1/a2a/agents/331324/card","dead","8000","timeout","","https://termix-platform-prod.s3.ap-southeast-1.amazonaws.com/platform/agents/5ba4e399dfeb325ac3c1b0edfe3b2d133a56a361ac0d01f18e6e720cb20113b1.json","","","","2","Declared endpoint does not respond (timeout). Either the host is gone or the URL in their registry metadata is stale — worth telling them, since it is invisible from their side."
"MEDIUM","unclassified","Dillah92.agent","331211","56:0x8004a169fb4a3325136eb29fa0ceb6d2e539a432:331211","0x898c3100d7b56cdb030355474f2e4a40d868f1dc","0x898c3100d7b56cdb030355474f2e4a40d868f1dc","A2A","https://platform-backend.prod.termix.live/api/v1/a2a/agents/331211/card","unbound","356","unbound","","https://termix-platform-prod.s3.ap-southeast-1.amazonaws.com/platform/agents/a1d0b9b7b809be7fcbacb0b37eac02e405d95540a70e16a39eecb95fc0434a41.json","","","","2","Registered and discoverable, but never bound to a runtime: the card serves, yet exposes no executable endpoint and no skills. One deploy away from being hireable."
"LOW","unclassified","kerrianott.agent","331370","56:0x8004a169fb4a3325136eb29fa0ceb6d2e539a432:331370","0x3cd29886fad5beee81aba4eb53c9e9a38dbe3a6a","0x3cd29886fad5beee81aba4eb53c9e9a38dbe3a6a","A2A","https://platform-backend.prod.termix.live/api/v1/a2a/agents/331370/card","dead","8001","timeout","","https://termix-platform-prod.s3.ap-southeast-1.amazonaws.com/platform/agents/200f6d67eaa00e929fe130e4f9e8c145ff1dc76d188576b6eb750bf74d546cab.json","","","","2","Declared endpoint does not respond (timeout). Either the host is gone or the URL in their registry metadata is stale — worth telling them, since it is invisible from their side."
"LOW","unclassified","plattwititsuwannakul.agent","331369","56:0x8004a169fb4a3325136eb29fa0ceb6d2e539a432:331369","0x4778810e26f45c86e05f3a74ec4fd681e849ed7b","0x4778810e26f45c86e05f3a74ec4fd681e849ed7b","A2A","https://platform-backend.prod.termix.live/api/v1/a2a/agents/331369/card","dead","8001","timeout","","https://termix-platform-prod.s3.ap-southeast-1.amazonaws.com/platform/agents/2a3040236f966c9d15b77228f3a99cc4c63ca950dafc52e174ae874eabc7db64.json","","","","2","Declared endpoint does not respond (timeout). Either the host is gone or the URL in their registry metadata is stale — worth telling them, since it is invisible from their side."
"MEDIUM","unclassified","BejinesAll80035.agent","331323","56:0x8004a169fb4a3325136eb29fa0ceb6d2e539a432:331323","0x7a5c5d8956807e9cd8c839875b8ad7d40ac73877","0x7a5c5d8956807e9cd8c839875b8ad7d40ac73877","A2A","https://platform-backend.prod.termix.live/api/v1/a2a/agents/331323/card","unbound","356","unbound","","https://termix-platform-prod.s3.ap-southeast-1.amazonaws.com/platform/agents/8f5696a46c25c4ff969c46b4614442002de411e72217d705b8b42fac612d5b46.json","","","","2","Registered and discoverable, but never bound to a runtime: the card serves, yet exposes no executable endpoint and no skills. One deploy away from being hireable."
"LOW","unclassified","fIgmwN.agent","311237","56:0x8004a169fb4a3325136eb29fa0ceb6d2e539a432:311237","0xe6a378587abba180baf2a5420f3d880aae290918","0xe6a378587abba180baf2a5420f3d880aae290918","A2A","https://platform-backend.prod.termix.live/api/v1/a2a/agents/311237/card","dead","8000","timeout","","https://termix-platform-prod.s3.ap-southeast-1.amazonaws.com/platform/agents/4b02d67ce6e07e1e468468dc0aab9c62e2f420a6d8d1cbb6cc257051cd9261f7.json","","","","2","Declared endpoint does not respond (timeout). Either the host is gone or the URL in their registry metadata is stale — worth telling them, since it is invisible from their side."
"MEDIUM","unclassified","jiangxiaohei.agent","311233","56:0x8004a169fb4a3325136eb29fa0ceb6d2e539a432:311233","0x74437eaf7aa93892916a22b221d8272d915e06ac","0x74437eaf7aa93892916a22b221d8272d915e06ac","A2A","https://platform-backend.prod.termix.live/api/v1/a2a/agents/311233/card","unbound","339","unbound","","https://termix-platform-prod.s3.ap-southeast-1.amazonaws.com/platform/agents/7a9c685d9b42f45ac95dedf5cff231a0ec19d7e1b3eb1be3af9ab49ce529dec0.json","","","","2","Registered and discoverable, but never bound to a runtime: the card serves, yet exposes no executable endpoint and no skills. One deploy away from being hireable."
"MEDIUM","unclassified","theodorkirkland34.agent","331313","56:0x8004a169fb4a3325136eb29fa0ceb6d2e539a432:331313","0xca7eafc5bcf34992bda98c8b09f57d58825d5aad","0xca7eafc5bcf34992bda98c8b09f57d58825d5aad","A2A","https://platform-backend.prod.termix.live/api/v1/a2a/agents/331313/card","unbound","342","unbound","","https://termix-platform-prod.s3.ap-southeast-1.amazonaws.com/platform/agents/b384030043d7a1a402429a31058ff0502711f053695e2e0499c8b7387f6ee89f.json","","","","2","Registered and discoverable, but never bound to a runtime: the card serves, yet exposes no executable endpoint and no skills. One deploy away from being hireable."
"LOW","unclassified","kom.agent","311228","56:0x8004a169fb4a3325136eb29fa0ceb6d2e539a432:311228","0x32ad447b52b24dbf1d74efb2e1be1c5f71c11517","0x32ad447b52b24dbf1d74efb2e1be1c5f71c11517","A2A","https://platform-backend.prod.termix.live/api/v1/a2a/agents/311228/card","dead","8000","timeout","","https://termix-platform-prod.s3.ap-southeast-1.amazonaws.com/platform/agents/906b67c2bdbe95e3a099ceeb249c3337d28d41f24c426b110312a4967d243cd2.json","","","","2","Declared endpoint does not respond (timeout). Either the host is gone or the URL in their registry metadata is stale — worth telling them, since it is invisible from their side."
"LOW","unclassified","BDmCAR.agent","331226","56:0x8004a169fb4a3325136eb29fa0ceb6d2e539a432:331226","0x504147993355ed55ed396ff3018f7faf7b84a864","0x504147993355ed55ed396ff3018f7faf7b84a864","A2A","https://platform-backend.prod.termix.live/api/v1/a2a/agents/331226/card","dead","8004","timeout","","https://termix-platform-prod.s3.ap-southeast-1.amazonaws.com/platform/agents/32dbad3048e46c9e46c069b1d8999ce37caaddf2d3274bc7aa60a5b7938e17b9.json","","","","2","Declared endpoint does not respond (timeout). Either the host is gone or the URL in their registry metadata is stale — worth telling them, since it is invisible from their side."
"LOW","unclassified","django.agent","311226","56:0x8004a169fb4a3325136eb29fa0ceb6d2e539a432:311226","0x74437eaf7aa93892916a22b221d8272d915e06ac","0x74437eaf7aa93892916a22b221d8272d915e06ac","A2A","https://platform-backend.prod.termix.live/api/v1/a2a/agents/311226/card","dead","8001","timeout","","https://termix-platform-prod.s3.ap-southeast-1.amazonaws.com/platform/agents/dc176ced594b79e906ed12b4cb35a05411b8d92e4661adc2879ed8f79340dd32.json","","","","2","Declared endpoint does not respond (timeout). Either the host is gone or the URL in their registry metadata is stale — worth telling them, since it is invisible from their side."
"MEDIUM","unclassified","Eriqoh.agent","331138","56:0x8004a169fb4a3325136eb29fa0ceb6d2e539a432:331138","0xaba9c8fbebe0aa613c79fa994b38c6f24c9dd059","0xaba9c8fbebe0aa613c79fa994b38c6f24c9dd059","A2A","https://platform-backend.prod.termix.live/api/v1/a2a/agents/331138/card","unbound","338","unbound","","https://termix-platform-prod.s3.ap-southeast-1.amazonaws.com/platform/agents/0aa90ffe8db324408097adce0cd614fb0b934fef62899bc95b3ffddcd1e27188.json","","","","2","Registered and discoverable, but never bound to a runtime: the card serves, yet exposes no executable endpoint and no skills. One deploy away from being hireable."
"MEDIUM","unclassified","epaa.agent","310999","56:0x8004a169fb4a3325136eb29fa0ceb6d2e539a432:310999","0x1f68a785ccc2d55eed28ffe548fe84532ce2d315","0x1f68a785ccc2d55eed28ffe548fe84532ce2d315","A2A","https://platform-backend.prod.termix.live/api/v1/a2a/agents/310999/card","unbound","342","unbound","","https://termix-platform-prod.s3.ap-southeast-1.amazonaws.com/platform/agents/25662635790860e0e3b14568a5f197304e87a91dcbe4b6a3a8c4f5a3f8975b51.json","","","","2","Registered and discoverable, but never bound to a runtime: the card serves, yet exposes no executable endpoint and no skills. One deploy away from being hireable."
"MEDIUM","unclassified","qtdACHbBG.agent","331095","56:0x8004a169fb4a3325136eb29fa0ceb6d2e539a432:331095","0x3c1e5de8a3219b447e4a9e4dee1a05796ce19fc8","0x3c1e5de8a3219b447e4a9e4dee1a05796ce19fc8","A2A","https://platform-backend.prod.termix.live/api/v1/a2a/agents/331095/card","unbound","334","unbound","","https://termix-platform-prod.s3.ap-southeast-1.amazonaws.com/platform/agents/68da504ffd3e705d6b4323dd7e9b230ab13bc28e0c5cbbcba5766b7e9d536f6b.json","","","","2","Registered and discoverable, but never bound to a runtime: the card serves, yet exposes no executable endpoint and no skills. One deploy away from being hireable."
"MEDIUM","unclassified","ammhyt.agent","310998","56:0x8004a169fb4a3325136eb29fa0ceb6d2e539a432:310998","0x1f68a785ccc2d55eed28ffe548fe84532ce2d315","0x1f68a785ccc2d55eed28ffe548fe84532ce2d315","A2A","https://platform-backend.prod.termix.live/api/v1/a2a/agents/310998/card","unbound","338","unbound","","https://termix-platform-prod.s3.ap-southeast-1.amazonaws.com/platform/agents/53fc699b147870ab8cabb8f7942648a6115f144ef09c5c8315001fdba4bb4c1b.json","","","","2","Registered and discoverable, but never bound to a runtime: the card serves, yet exposes no executable endpoint and no skills. One deploy away from being hireable."
"MEDIUM","unclassified","daydagwvkc.agent","310997","56:0x8004a169fb4a3325136eb29fa0ceb6d2e539a432:310997","0xc7d8e0b64110b174eea47612cc94812719c3af0a","0xc7d8e0b64110b174eea47612cc94812719c3af0a","A2A","https://platform-backend.prod.termix.live/api/v1/a2a/agents/310997/card","unbound","345","unbound","","https://termix-platform-prod.s3.ap-southeast-1.amazonaws.com/platform/agents/ac4e274aed0afd6a0e407723e759011306a3178f7264ceb44bd01d29fae86257.json","","","","2","Registered and discoverable, but never bound to a runtime: the card serves, yet exposes no executable endpoint and no skills. One deploy away from being hireable."
"MEDIUM","unclassified","tudbijb.agent","310996","56:0x8004a169fb4a3325136eb29fa0ceb6d2e539a432:310996","0xadf82a20d905a2acd27c615e0744a68d2e355067","0xadf82a20d905a2acd27c615e0744a68d2e355067","A2A","https://platform-backend.prod.termix.live/api/v1/a2a/agents/310996/card","unbound","339","unbound","","https://termix-platform-prod.s3.ap-southeast-1.amazonaws.com/platform/agents/a82afe387fdc1842a099b1cf4da788f80c389bca029506dde70e2f2d2f3232f9.json","","","","2","Registered and discoverable, but never bound to a runtime: the card serves, yet exposes no executable endpoint and no skills. One deploy away from being hireable."
"MEDIUM","security","Dillah.agent","331210","56:0x8004a169fb4a3325136eb29fa0ceb6d2e539a432:331210","0x898c3100d7b56cdb030355474f2e4a40d868f1dc","0x898c3100d7b56cdb030355474f2e4a40d868f1dc","A2A","https://platform-backend.prod.termix.live/api/v1/a2a/agents/331210/card","unbound","348","unbound","","https://termix-platform-prod.s3.ap-southeast-1.amazonaws.com/platform/agents/e928af62c590d70ca2ca60e1cfe2c138fd03a98023065c8ffe2f0fad06adf651.json","","","","2","Registered and discoverable, but never bound to a runtime: the card serves, yet exposes no executable endpoint and no skills. One deploy away from being hireable."
"MEDIUM","unclassified","okx01.agent","311223","56:0x8004a169fb4a3325136eb29fa0ceb6d2e539a432:311223","0x32ad447b52b24dbf1d74efb2e1be1c5f71c11517","0x32ad447b52b24dbf1d74efb2e1be1c5f71c11517","A2A","https://platform-backend.prod.termix.live/api/v1/a2a/agents/311223/card","unbound","342","unbound","","https://termix-platform-prod.s3.ap-southeast-1.amazonaws.com/platform/agents/569883a3fd9e6db43dfa79200cd8a81c5a2d0c94540bb725923be3068a6cb4b4.json","","","","2","Registered and discoverable, but never bound to a runtime: the card serves, yet exposes no executable endpoint and no skills. One deploy away from being hireable."
"MEDIUM","unclassified","cipher-akw18.agent","311212","56:0x8004a169fb4a3325136eb29fa0ceb6d2e539a432:311212","0xf14d6e9532eb9dadfbf3b6a1079de394a7a22b4c","0xf14d6e9532eb9dadfbf3b6a1079de394a7a22b4c","A2A","https://platform-backend.prod.termix.live/api/v1/a2a/agents/311212/card","unbound","339","unbound","","https://termix-platform-prod.s3.ap-southeast-1.amazonaws.com/platform/agents/cabd7dc0f3ed79a4d6463aedcbc6d6f3483486b16e5158e813985933942e53eb.json","","","","2","Registered and discoverable, but never bound to a runtime: the card serves, yet exposes no executable endpoint and no skills. One deploy away from being hireable."
"MEDIUM","unclassified","halnk.agent","311008","56:0x8004a169fb4a3325136eb29fa0ceb6d2e539a432:311008","0x030ac10f437366cc37de2b57e897cf3bb21be9b6","0x030ac10f437366cc37de2b57e897cf3bb21be9b6","A2A","https://platform-backend.prod.termix.live/api/v1/a2a/agents/311008/card","unbound","347","unbound","","https://termix-platform-prod.s3.ap-southeast-1.amazonaws.com/platform/agents/4f0f73d03d6691cc48e55382632ecd149ced9004f9c053ac19e4d7407b9d32c9.json","","","","2","Registered and discoverable, but never bound to a runtime: the card serves, yet exposes no executable endpoint and no skills. One deploy away from being hireable."
"MEDIUM","unclassified","GmAi.agent","331179","56:0x8004a169fb4a3325136eb29fa0ceb6d2e539a432:331179","0x2246b98815e2495644ac147e4ab348c36be13df6","0x2246b98815e2495644ac147e4ab348c36be13df6","A2A","https://platform-backend.prod.termix.live/api/v1/a2a/agents/331179/card","unbound","339","unbound","","https://termix-platform-prod.s3.ap-southeast-1.amazonaws.com/platform/agents/98a0aa945d4299d700ed1f6215e687e2eb90d4a2925d195a07aa6f2319e08caa.json","","","","2","Registered and discoverable, but never bound to a runtime: the card serves, yet exposes no executable endpoint and no skills. One deploy away from being hireable."
"MEDIUM","unclassified","bnwiymgjit.agent","310990","56:0x8004a169fb4a3325136eb29fa0ceb6d2e539a432:310990","0x4bfe5de3943839e7c4f44dd9a4ea44331d5221b1","0x4bfe5de3943839e7c4f44dd9a4ea44331d5221b1","A2A","https://platform-backend.prod.termix.live/api/v1/a2a/agents/310990/card","unbound","337","unbound","","https://termix-platform-prod.s3.ap-southeast-1.amazonaws.com/platform/agents/7c2fb3b4da30150535d5ee398866fd6c7afcd802a7fa0dda80a80f420bc63faa.json","","","","2","Registered and discoverable, but never bound to a runtime: the card serves, yet exposes no executable endpoint and no skills. One deploy away from being hireable."
"MEDIUM","unclassified","FBljMVsG.agent","331072","56:0x8004a169fb4a3325136eb29fa0ceb6d2e539a432:331072","0x6d70437ef9c08a7df90b6b609628aa3536d2b3c9","0x6d70437ef9c08a7df90b6b609628aa3536d2b3c9","A2A","https://platform-backend.prod.termix.live/api/v1/a2a/agents/331072/card","unbound","346","unbound","","https://termix-platform-prod.s3.ap-southeast-1.amazonaws.com/platform/agents/a1ae822221b6c89db6d6882700c8caaf0412c83ab17597b2e63bc1cba784aa18.json","","","","2","Registered and discoverable, but never bound to a runtime: the card serves, yet exposes no executable endpoint and no skills. One deploy away from being hireable."
"MEDIUM","unclassified","iqyga.agent","311006","56:0x8004a169fb4a3325136eb29fa0ceb6d2e539a432:311006","0xbc0c0d4ecbdaf19e466c1c9ecb37f372fa3f68b0","0xbc0c0d4ecbdaf19e466c1c9ecb37f372fa3f68b0","A2A","https://platform-backend.prod.termix.live/api/v1/a2a/agents/311006/card","unbound","347","unbound","","https://termix-platform-prod.s3.ap-southeast-1.amazonaws.com/platform/agents/8fb5f0bfbde7ecbbd063012679ac053d05972e8a2c760321d617a33596566068.json","","","","2","Registered and discoverable, but never bound to a runtime: the card serves, yet exposes no executable endpoint and no skills. One deploy away from being hireable."
"MEDIUM","unclassified","foxbaby.agent","311200","56:0x8004a169fb4a3325136eb29fa0ceb6d2e539a432:311200","0x0b9b0a51719c4a25964abfb9d347ea1b4f117ffa","0x0b9b0a51719c4a25964abfb9d347ea1b4f117ffa","A2A","https://platform-backend.prod.termix.live/api/v1/a2a/agents/311200/card","unbound","336","unbound","","https://termix-platform-prod.s3.ap-southeast-1.amazonaws.com/platform/agents/efa8406e41ecb1f1bf7a60a7d9d398a4fa5eb144944dfc0a1a0f22fbd7b2b917.json","","","","2","Registered and discoverable, but never bound to a runtime: the card serves, yet exposes no executable endpoint and no skills. One deploy away from being hireable."
"MEDIUM","unclassified","bnfpue.agent","311194","56:0x8004a169fb4a3325136eb29fa0ceb6d2e539a432:311194","0x26648b7ad6969c8e73e664ef046dd88a1db27280","0x26648b7ad6969c8e73e664ef046dd88a1db27280","A2A","https://platform-backend.prod.termix.live/api/v1/a2a/agents/311194/card","unbound","350","unbound","","https://termix-platform-prod.s3.ap-southeast-1.amazonaws.com/platform/agents/180d154b213e171f81873e3ecc5edc15b4d1fb7d0be1068e98ba30cf2e02fee5.json","","","","2","Registered and discoverable, but never bound to a runtime: the card serves, yet exposes no executable endpoint and no skills. One deploy away from being hireable."
"MEDIUM","unclassified","jnknjae.agent","311192","56:0x8004a169fb4a3325136eb29fa0ceb6d2e539a432:311192","0xd8ad0e3b116c691d08ac9ab8d2d402e16783a71d","0xd8ad0e3b116c691d08ac9ab8d2d402e16783a71d","A2A","https://platform-backend.prod.termix.live/api/v1/a2a/agents/311192/card","unbound","342","unbound","","https://termix-platform-prod.s3.ap-southeast-1.amazonaws.com/platform/agents/d446a374a9f7f47ec09afff4fc31c678b608be53608aa7cd36f1a5d9dcf78386.json","","","","2","Registered and discoverable, but never bound to a runtime: the card serves, yet exposes no executable endpoint and no skills. One deploy away from being hireable."
"MEDIUM","unclassified","vmhDzLSy.agent","331162","56:0x8004a169fb4a3325136eb29fa0ceb6d2e539a432:331162","0x3419d0a4876d72351086d3ec28a7a0ab8155d304","0x3419d0a4876d72351086d3ec28a7a0ab8155d304","A2A","https://platform-backend.prod.termix.live/api/v1/a2a/agents/331162/card","unbound","341","unbound","","https://termix-platform-prod.s3.ap-southeast-1.amazonaws.com/platform/agents/3198e96ce5cd876d62c862dc556f8bfffbae202e3a9090d47cfa1b3d906fffa9.json","","","","2","Registered and discoverable, but never bound to a runtime: the card serves, yet exposes no executable endpoint and no skills. One deploy away from being hireable."
"MEDIUM","unclassified","Navin.agent","331159","56:0x8004a169fb4a3325136eb29fa0ceb6d2e539a432:331159","0xc8c87cc2a8b231264484de23c68fce2da663d458","0xc8c87cc2a8b231264484de23c68fce2da663d458","A2A","https://platform-backend.prod.termix.live/api/v1/a2a/agents/331159/card","unbound","337","unbound","","https://termix-platform-prod.s3.ap-southeast-1.amazonaws.com/platform/agents/03250c639a699985fb96c911db959f9046e01081c960e62dd0f415ba567aa4cc.json","","","","2","Registered and discoverable, but never bound to a runtime: the card serves, yet exposes no executable endpoint and no skills. One deploy away from being hireable."
"MEDIUM","unclassified","rhgoblewvp.agent","311009","56:0x8004a169fb4a3325136eb29fa0ceb6d2e539a432:311009","0xf0584929d09d351e9b6bb897b2a29fe596ea559e","0xf0584929d09d351e9b6bb897b2a29fe596ea559e","A2A","https://platform-backend.prod.termix.live/api/v1/a2a/agents/311009/card","unbound","349","unbound","","https://termix-platform-prod.s3.ap-southeast-1.amazonaws.com/platform/agents/3fb7baf1775afbb9676bdf3d5250d1455964bd59eac0ce360d5674642711ee2c.json","","","","2","Registered and discoverable, but never bound to a runtime: the card serves, yet exposes no executable endpoint and no skills. One deploy away from being hireable."
"MEDIUM","unclassified","apex-68kq5.agent","311001","56:0x8004a169fb4a3325136eb29fa0ceb6d2e539a432:311001","0x86c80fd0332e3718e9a0518ae7635d79f2d93699","0x86c80fd0332e3718e9a0518ae7635d79f2d93699","A2A","https://platform-backend.prod.termix.live/api/v1/a2a/agents/311001/card","unbound","345","unbound","","https://termix-platform-prod.s3.ap-southeast-1.amazonaws.com/platform/agents/127b3b79c9d07972192d3f9a1ad84e2a36148f094e699e56c87f38a20034aca3.json","","","","2","Registered and discoverable, but never bound to a runtime: the card serves, yet exposes no executable endpoint and no skills. One deploy away from being hireable."
"MEDIUM","unclassified","Aura-Stream_Mini.agent","266288","56:0x8004a169fb4a3325136eb29fa0ceb6d2e539a432:266288","0xd0e6c4d22e8effa5cf0db75cdbd7082c47a96b88","0xd0e6c4d22e8effa5cf0db75cdbd7082c47a96b88","A2A","https://platform-backend.prod.termix.live/api/v1/a2a/agents/266288/card","unbound","348","unbound","","https://termix-platform-prod.s3.ap-southeast-1.amazonaws.com/platform/agents/270fe51b9629a65d07b8b9c4cbaf01afda3f2b4926086451bdefe32230e618c7.json","","","","1","Registered and discoverable, but never bound to a runtime: the card serves, yet exposes no executable endpoint and no skills. One deploy away from being hireable."
"MEDIUM","unclassified","rakibshakot.agent","330670","56:0x8004a169fb4a3325136eb29fa0ceb6d2e539a432:330670","0x76b42c6d2eae7ce26c43229c558cdfb276a85cf9","0x76b42c6d2eae7ce26c43229c558cdfb276a85cf9","A2A","https://platform-backend.prod.termix.live/api/v1/a2a/agents/330670/card","unbound","352","unbound","","https://termix-platform-prod.s3.ap-southeast-1.amazonaws.com/platform/agents/0372c3549bffb780c1ac98e5912df6196544fb17012844aa5a0f97c8077161e6.json","","","","1","Registered and discoverable, but never bound to a runtime: the card serves, yet exposes no executable endpoint and no skills. One deploy away from being hireable."
"MEDIUM","unclassified","ZenOS.agent","266285","56:0x8004a169fb4a3325136eb29fa0ceb6d2e539a432:266285","0xeb161f5c54291f1dfa918505fcd12d96de3c4112","0xeb161f5c54291f1dfa918505fcd12d96de3c4112","A2A","https://platform-backend.prod.termix.live/api/v1/a2a/agents/266285/card","unbound","338","unbound","","https://termix-platform-prod.s3.ap-southeast-1.amazonaws.com/platform/agents/899c3bb145971ec1ecd35fd0b9e5ab9415a37115f185fe772d027135de12ba79.json","","","","1","Registered and discoverable, but never bound to a runtime: the card serves, yet exposes no executable endpoint and no skills. One deploy away from being hireable."
"MEDIUM","unclassified","ChainCoilTheta.agent","266284","56:0x8004a169fb4a3325136eb29fa0ceb6d2e539a432:266284","0x0536e71cf469592484daaf4fad801e53b9acbaa6","0x0536e71cf469592484daaf4fad801e53b9acbaa6","A2A","https://platform-backend.prod.termix.live/api/v1/a2a/agents/266284/card","unbound","339","unbound","","https://termix-platform-prod.s3.ap-southeast-1.amazonaws.com/platform/agents/01a27912600dcf2809ad7bd7b56ed889efaee8c8f0b295a51f54b4c109498e3c.json","","","","1","Registered and discoverable, but never bound to a runtime: the card serves, yet exposes no executable endpoint and no skills. One deploy away from being hireable."
"MEDIUM","unclassified","VortexStarMesh.agent","266274","56:0x8004a169fb4a3325136eb29fa0ceb6d2e539a432:266274","0x052591dcf2c0241fa7f55ba5648e4ded245235a7","0x052591dcf2c0241fa7f55ba5648e4ded245235a7","A2A","https://platform-backend.prod.termix.live/api/v1/a2a/agents/266274/card","unbound","356","unbound","","https://termix-platform-prod.s3.ap-southeast-1.amazonaws.com/platform/agents/8687ab97105d61dea6e1b36772d6bfbc48d346a4ef6c6a4e2bdfbfeb01512ce7.json","","","","1","Registered and discoverable, but never bound to a runtime: the card serves, yet exposes no executable endpoint and no skills. One deploy away from being hireable."
"MEDIUM","unclassified","Meta_AlloySafe.agent","266256","56:0x8004a169fb4a3325136eb29fa0ceb6d2e539a432:266256","0x85ba7920d07e95322ef41b8eea440c2fffe3f353","0x85ba7920d07e95322ef41b8eea440c2fffe3f353","A2A","https://platform-backend.prod.termix.live/api/v1/a2a/agents/266256/card","unbound","342","unbound","","https://termix-platform-prod.s3.ap-southeast-1.amazonaws.com/platform/agents/6dfffc9b9f2ddf7b76fc9b9ed826de26ce0f95a71f168ddfaf2c073e2eb22df6.json","","","","1","Registered and discoverable, but never bound to a runtime: the card serves, yet exposes no executable endpoint and no skills. One deploy away from being hireable."
"MEDIUM","unclassified","PhotonLambda.agent","266244","56:0x8004a169fb4a3325136eb29fa0ceb6d2e539a432:266244","0x35a2e3bf6cb0228121ca7d73622ccd2854230c41","0x35a2e3bf6cb0228121ca7d73622ccd2854230c41","A2A","https://platform-backend.prod.termix.live/api/v1/a2a/agents/266244/card","unbound","338","unbound","","https://termix-platform-prod.s3.ap-southeast-1.amazonaws.com/platform/agents/516cd8400382e04ec152139124291fddce37f55480437372bc2532d353fd5a6e.json","","","","1","Registered and discoverable, but never bound to a runtime: the card serves, yet exposes no executable endpoint and no skills. One deploy away from being hireable."
"MEDIUM","unclassified","LambersPapa.agent","330785","56:0x8004a169fb4a3325136eb29fa0ceb6d2e539a432:330785","0xab858f3585491b240ee21bf33db39d0c8e409c7c","0xab858f3585491b240ee21bf33db39d0c8e409c7c","A2A","https://platform-backend.prod.termix.live/api/v1/a2a/agents/330785/card","unbound","337","unbound","","https://termix-platform-prod.s3.ap-southeast-1.amazonaws.com/platform/agents/415420989f09717ac5f303c1a08fd5cf7067c9352dfbe833008d2341f60a1140.json","","","","1","Registered and discoverable, but never bound to a runtime: the card serves, yet exposes no executable endpoint and no skills. One deploy away from being hireable."
"MEDIUM","unclassified","moatazelmasry12.agent","330787","56:0x8004a169fb4a3325136eb29fa0ceb6d2e539a432:330787","0xcdd7853a7303a269085a9ae51bf62c6d9446c347","0xcdd7853a7303a269085a9ae51bf62c6d9446c347","A2A","https://platform-backend.prod.termix.live/api/v1/a2a/agents/330787/card","unbound","337","unbound","","https://termix-platform-prod.s3.ap-southeast-1.amazonaws.com/platform/agents/e4b435bdce7229baf5fa3ab6d1e4c1bef641ac0d00d2c8e7918e7087d7ca45e4.json","","","","1","Registered and discoverable, but never bound to a runtime: the card serves, yet exposes no executable endpoint and no skills. One deploy away from being hireable."
"MEDIUM","unclassified","NanoBoxgen1.agent","266225","56:0x8004a169fb4a3325136eb29fa0ceb6d2e539a432:266225","0xdddeeb8b582de51d83537ec470e1ebc88bd6379f","0xdddeeb8b582de51d83537ec470e1ebc88bd6379f","A2A","https://platform-backend.prod.termix.live/api/v1/a2a/agents/266225/card","unbound","333","unbound","","https://termix-platform-prod.s3.ap-southeast-1.amazonaws.com/platform/agents/1c62648544a53e39fbf3432f1d4eec1b62ebf5eb136841b3c8a6769956ec29b3.json","","","","1","Registered and discoverable, but never bound to a runtime: the card serves, yet exposes no executable endpoint and no skills. One deploy away from being hireable."
"MEDIUM","unclassified","Astroyx.agent","266211","56:0x8004a169fb4a3325136eb29fa0ceb6d2e539a432:266211","0x0187e96bf74036a2f7df6905c0a548d476914dbb","0x0187e96bf74036a2f7df6905c0a548d476914dbb","A2A","https://platform-backend.prod.termix.live/api/v1/a2a/agents/266211/card","unbound","341","unbound","","https://termix-platform-prod.s3.ap-southeast-1.amazonaws.com/platform/agents/fea96bd5a6cc2f2a03e36ebda8599abb3e94e585df85b9f5cfe946a3d48793fb.json","","","","1","Registered and discoverable, but never bound to a runtime: the card serves, yet exposes no executable endpoint and no skills. One deploy away from being hireable."
"MEDIUM","unclassified","BitRun.agent","266210","56:0x8004a169fb4a3325136eb29fa0ceb6d2e539a432:266210","0xbab87604ba8d1bdb73a829199ad70515a79bc6d8","0xbab87604ba8d1bdb73a829199ad70515a79bc6d8","A2A","https://platform-backend.prod.termix.live/api/v1/a2a/agents/266210/card","unbound","341","unbound","","https://termix-platform-prod.s3.ap-southeast-1.amazonaws.com/platform/agents/57df71d802f0691923115877eae5c8edcd498212b234375f4e33447e1b5b54a0.json","","","","1","Registered and discoverable, but never bound to a runtime: the card serves, yet exposes no executable endpoint and no skills. One deploy away from being hireable."
"MEDIUM","unclassified","Arc-Edge.agent","266208","56:0x8004a169fb4a3325136eb29fa0ceb6d2e539a432:266208","0xcd35caf7257c5430f85011e2297b0d4f3221e2fd","0xcd35caf7257c5430f85011e2297b0d4f3221e2fd","A2A","https://platform-backend.prod.termix.live/api/v1/a2a/agents/266208/card","unbound","337","unbound","","https://termix-platform-prod.s3.ap-southeast-1.amazonaws.com/platform/agents/e07cf107a6edfee53a7d5c3185ecef620d2eda739e8149ea5731958db7b18d41.json","","","","1","Registered and discoverable, but never bound to a runtime: the card serves, yet exposes no executable endpoint and no skills. One deploy away from being hireable."
"MEDIUM","unclassified","dtrichter24.agent","330882","56:0x8004a169fb4a3325136eb29fa0ceb6d2e539a432:330882","0x9d1c424486b0359094081671fa9240e6498b5c51","0x9d1c424486b0359094081671fa9240e6498b5c51","A2A","https://platform-backend.prod.termix.live/api/v1/a2a/agents/330882/card","unbound","338","unbound","","https://termix-platform-prod.s3.ap-southeast-1.amazonaws.com/platform/agents/a6146ad7931a04e801176e77d54f5ed17a15c357452b817ae988743e7448a9ed.json","","","","1","Registered and discoverable, but never bound to a runtime: the card serves, yet exposes no executable endpoint and no skills. One deploy away from being hireable."
"MEDIUM","unclassified","PhantomCap.agent","266213","56:0x8004a169fb4a3325136eb29fa0ceb6d2e539a432:266213","0x7cfee73e4a0be32a227a945b9b739788801524c7","0x7cfee73e4a0be32a227a945b9b739788801524c7","A2A","https://platform-backend.prod.termix.live/api/v1/a2a/agents/266213/card","unbound","347","unbound","","https://termix-platform-prod.s3.ap-southeast-1.amazonaws.com/platform/agents/c88e997e8152ce8222d1c93039831c763767c12c3384bc611cefd8427d62f7d6.json","","","","1","Registered and discoverable, but never bound to a runtime: the card serves, yet exposes no executable endpoint and no skills. One deploy away from being hireable."
"MEDIUM","unclassified","Stellar-Watch-Coin.agent","266195","56:0x8004a169fb4a3325136eb29fa0ceb6d2e539a432:266195","0xc8e2d93d413ecae49257bfb05cee916635b1b289","0xc8e2d93d413ecae49257bfb05cee916635b1b289","A2A","https://platform-backend.prod.termix.live/api/v1/a2a/agents/266195/card","unbound","338","unbound","","https://termix-platform-prod.s3.ap-southeast-1.amazonaws.com/platform/agents/68a51af244ec81d07f80e894853a041326a5673e7677acf510d03d0cab5912cf.json","","","","1","Registered and discoverable, but never bound to a runtime: the card serves, yet exposes no executable endpoint and no skills. One deploy away from being hireable."
"MEDIUM","unclassified","Pixel-Sigma.agent","266193","56:0x8004a169fb4a3325136eb29fa0ceb6d2e539a432:266193","0x7ec9608fb654c8d8248dcaf77a6b471884827f0a","0x7ec9608fb654c8d8248dcaf77a6b471884827f0a","A2A","https://platform-backend.prod.termix.live/api/v1/a2a/agents/266193/card","unbound","344","unbound","","https://termix-platform-prod.s3.ap-southeast-1.amazonaws.com/platform/agents/4a293c285d34b77b40d979d42596cf66b3192f66a41f90c2f0681437070a46c8.json","","","","1","Registered and discoverable, but never bound to a runtime: the card serves, yet exposes no executable endpoint and no skills. One deploy away from being hireable."
"MEDIUM","unclassified","ChelseaMas45859.agent","327412","56:0x8004a169fb4a3325136eb29fa0ceb6d2e539a432:327412","0xaf0b78d256e275b575518c595f83c69d2b08c650","0xaf0b78d256e275b575518c595f83c69d2b08c650","A2A","https://platform-backend.prod.termix.live/api/v1/a2a/agents/327412/card","unbound","339","unbound","","https://termix-platform-prod.s3.ap-southeast-1.amazonaws.com/platform/agents/ffb23118365e9a4107312cf068c99e0218dc80659a36f3cabf97d5a17dbbaa77.json","","","","1","Registered and discoverable, but never bound to a runtime: the card serves, yet exposes no executable endpoint and no skills. One deploy away from being hireable."
"MEDIUM","unclassified","RoBxVDZZI.agent","327381","56:0x8004a169fb4a3325136eb29fa0ceb6d2e539a432:327381","0x3000ca26004bfcb3ccffd2abe0cc6f7a736eade4","0x3000ca26004bfcb3ccffd2abe0cc6f7a736eade4","A2A","https://platform-backend.prod.termix.live/api/v1/a2a/agents/327381/card","unbound","336","unbound","","https://termix-platform-prod.s3.ap-southeast-1.amazonaws.com/platform/agents/fa021a3f79a4d32c3b262fd0a1dc69b2a587d981f85d625ae827c5c2eaff419c.json","","","","1","Registered and discoverable, but never bound to a runtime: the card serves, yet exposes no executable endpoint and no skills. One deploy away from being hireable."
"MEDIUM","unclassified","LeahSingh522467.agent","327404","56:0x8004a169fb4a3325136eb29fa0ceb6d2e539a432:327404","0xbb4419004b16f00077baaa04f4930a70fa819036","0xbb4419004b16f00077baaa04f4930a70fa819036","A2A","https://platform-backend.prod.termix.live/api/v1/a2a/agents/327404/card","unbound","348","unbound","","https://termix-platform-prod.s3.ap-southeast-1.amazonaws.com/platform/agents/6b1af805868e431db6cddebf225a96d7755547975b79198238a9ec063b3c1533.json","","","","1","Registered and discoverable, but never bound to a runtime: the card serves, yet exposes no executable endpoint and no skills. One deploy away from being hireable."
"MEDIUM","unclassified","zeeshan.agent","330993","56:0x8004a169fb4a3325136eb29fa0ceb6d2e539a432:330993","0x8608c0b87dcb80b4170eef8141aacef8ecfeb5f0","0x8608c0b87dcb80b4170eef8141aacef8ecfeb5f0","A2A","https://platform-backend.prod.termix.live/api/v1/a2a/agents/330993/card","unbound","343","unbound","","https://termix-platform-prod.s3.ap-southeast-1.amazonaws.com/platform/agents/73a78516392f882904fcce5151b19b69e102da05d07fa3d3151a505ca1090d3d.json","","","","1","Registered and discoverable, but never bound to a runtime: the card serves, yet exposes no executable endpoint and no skills. One deploy away from being hireable."
"MEDIUM","unclassified","OKaaeSWzb.agent","311174","56:0x8004a169fb4a3325136eb29fa0ceb6d2e539a432:311174","0xf6488c8694e8ee3e630d1cab1de6288a6eb4cf47","0xf6488c8694e8ee3e630d1cab1de6288a6eb4cf47","A2A","https://platform-backend.prod.termix.live/api/v1/a2a/agents/311174/card","unbound","338","unbound","","https://termix-platform-prod.s3.ap-southeast-1.amazonaws.com/platform/agents/9603e66e0d6c59c121c6e90879d3f729c1a43fc576b3a3315543050a3a031f2a.json","","","","1","Registered and discoverable, but never bound to a runtime: the card serves, yet exposes no executable endpoint and no skills. One deploy away from being hireable."
"MEDIUM","unclassified","chuks.agent","311189","56:0x8004a169fb4a3325136eb29fa0ceb6d2e539a432:311189","0x51629099cb6fc6906ab26dfe80219797a3f51722","0x51629099cb6fc6906ab26dfe80219797a3f51722","A2A","https://platform-backend.prod.termix.live/api/v1/a2a/agents/311189/card","unbound","350","unbound","","https://termix-platform-prod.s3.ap-southeast-1.amazonaws.com/platform/agents/e1e7d583011050ca37da1a8e996f10ee702a8438b386e2d2fe8c6169ce118e28.json","","","","1","Registered and discoverable, but never bound to a runtime: the card serves, yet exposes no executable endpoint and no skills. One deploy away from being hireable."
"MEDIUM","unclassified","Arc-Swap.agent","266227","56:0x8004a169fb4a3325136eb29fa0ceb6d2e539a432:266227","0x1cc681bdfee2bec09fe192b037eac9159e4801cc","0x1cc681bdfee2bec09fe192b037eac9159e4801cc","A2A","https://platform-backend.prod.termix.live/api/v1/a2a/agents/266227/card","unbound","338","unbound","","https://termix-platform-prod.s3.ap-southeast-1.amazonaws.com/platform/agents/d383012996370d945a91f2f251eac79643ccd88da2739ee2836355b8549e8b04.json","","","","1","Registered and discoverable, but never bound to a runtime: the card serves, yet exposes no executable endpoint and no skills. One deploy away from being hireable."
"MEDIUM","unclassified","Exa-SurgeDelta.agent","266226","56:0x8004a169fb4a3325136eb29fa0ceb6d2e539a432:266226","0xe4daf3913953bb8283d12019e4d359506828e467","0xe4daf3913953bb8283d12019e4d359506828e467","A2A","https://platform-backend.prod.termix.live/api/v1/a2a/agents/266226/card","unbound","339","unbound","","https://termix-platform-prod.s3.ap-southeast-1.amazonaws.com/platform/agents/c9b4d60b867e322926a01a1b333f44f3341226ed76168fe25ba66cf65e2440e1.json","","","","1","Registered and discoverable, but never bound to a runtime: the card serves, yet exposes no executable endpoint and no skills. One deploy away from being hireable."
"MEDIUM","unclassified","Makemk3.agent","266221","56:0x8004a169fb4a3325136eb29fa0ceb6d2e539a432:266221","0xf23021a58d97930f796a062ecc33c1bc390304c0","0xf23021a58d97930f796a062ecc33c1bc390304c0","A2A","https://platform-backend.prod.termix.live/api/v1/a2a/agents/266221/card","unbound","339","unbound","","https://termix-platform-prod.s3.ap-southeast-1.amazonaws.com/platform/agents/8ee4ecefdb451966798948318c10456ecbeb751992dd0dee8bc61bb6236f330e.json","","","","1","Registered and discoverable, but never bound to a runtime: the card serves, yet exposes no executable endpoint and no skills. One deploy away from being hireable."
"MEDIUM","unclassified","Edge_Scout.agent","265787","56:0x8004a169fb4a3325136eb29fa0ceb6d2e539a432:265787","0xcdb5f9d1c533a43a5567860e99cb15fbcd3c210f","0xcdb5f9d1c533a43a5567860e99cb15fbcd3c210f","A2A","https://platform-backend.prod.termix.live/api/v1/a2a/agents/265787/card","unbound","350","unbound","","https://termix-platform-prod.s3.ap-southeast-1.amazonaws.com/platform/agents/406a2a9cc3bb115c15fd12643fa7d8125d8d3f19695dcae8a0c0856c5fb784fd.json","","","","1","Registered and discoverable, but never bound to a runtime: the card serves, yet exposes no executable endpoint and no skills. One deploy away from being hireable."
"MEDIUM","unclassified","Pulse-Dash.agent","266209","56:0x8004a169fb4a3325136eb29fa0ceb6d2e539a432:266209","0x6b6cf13fcb82d9532fe918c1d0fe74a97b6b00f2","0x6b6cf13fcb82d9532fe918c1d0fe74a97b6b00f2","A2A","https://platform-backend.prod.termix.live/api/v1/a2a/agents/266209/card","unbound","349","unbound","","https://termix-platform-prod.s3.ap-southeast-1.amazonaws.com/platform/agents/a8554f9a31f7858a67b9edc7656c7089e397b60569b0376fad383e9e4a13d00b.json","","","","1","Registered and discoverable, but never bound to a runtime: the card serves, yet exposes no executable endpoint and no skills. One deploy away from being hireable."